sId,pId,tbType,name,shortName,description,descriptionEn,tbName,fieldName,fieldNo,isFile,filePathNo,storedProcName,remark,queue,createUser,createTime,modifyUser,modifyTime,sTamp
02f5953c-9721-4390-9946-e2076b4c9187,17f82eee-023c-44e1-9727-c2777b393ac3,1,cmsArticleBusiness,cmsArticleBusiness,文章,NULL,cmsArticle,NULL,NULL,1,462a55ca-a1a6-4157-810e-b0d34387474e,cmsArticle_Action,NULL,1,295e169d-cf86-4077-b8a9-4c5ec42b565d,2018-02-19 13:13:52.0593238 +08:00,624c460c-aa32-4f56-850b-3f08fd4848bf,2019-11-04 14:16:43.3426007 +08:00,0x00000000022FC8FF
04c79ebc-1bca-4eb8-a6d7-269c742cfe2a,aab8e5ea-b013-4f80-9265-5b4d69dcb4c4,0,客服管理,NULL,NULL,NULL,NULL,NULL,NULL,0,NULL,NULL,NULL,5,295e169d-cf86-4077-b8a9-4c5ec42b565d,2015-01-01 20:01:41.1334687 +08:00,295e169d-cf86-4077-b8a9-4c5ec42b565d,2015-01-01 20:01:41.1334687 +08:00,0x00000000022B7B49
064c5943-de5c-4f3e-bacb-8fa3b4c45b93,49979ce8-f5c1-4239-a511-a88ce640a446,1,cmsParameter_Files,cmsParameter_Files,文档,NULL,springFileList,NULL,NULL,1,462a55ca-a1a6-4157-810e-b0d34387474e,springFileList_Action,NULL,2,295e169d-cf86-4077-b8a9-4c5ec42b565d,2015-03-30 18:46:26.5668632 +08:00,295e169d-cf86-4077-b8a9-4c5ec42b565d,2015-09-26 20:41:15.0951637 +08:00,0x000000000026B454
097d7b20-1022-4239-aa91-06c29b910233,7ab4b54a-3a4f-4056-b21f-d25d71db3b80,1,cmsKeywordsSeekCount,cmsKeywordsSeekCount,搜索数量表,NULL,cmsKeywordsSeekCount,NULL,NULL,0,NULL,cmsKeywordsSeekCount_Action,NULL,5,295e169d-cf86-4077-b8a9-4c5ec42b565d,2015-09-13 08:02:56.9357530 +08:00,295e169d-cf86-4077-b8a9-4c5ec42b565d,2015-09-13 08:02:56.9357530 +08:00,0x00000000001BCA49
0baf1de8-7c9c-46ad-bbda-f7cd5a2ce146,0e0a8d1e-a542-4e33-8074-fa8bd58d97e4,1,cmsSocialWeiXinTempNews_h,cmsSocialWeiXinTempNews_h,发送历史,NULL,cmsSocialWeiXinTempNews_h,NULL,NULL,0,NULL,cmsSocialWeiXinTempNews_h_Action,NULL,5,295e169d-cf86-4077-b8a9-4c5ec42b565d,2018-05-27 11:22:09.6518673 +08:00,295e169d-cf86-4077-b8a9-4c5ec42b565d,2018-05-27 11:22:09.6518673 +08:00,0x00000000022B7D5A
0bcaa66c-4d3d-4717-8b50-9e6cb04ab8e2,350df3dc-2194-430b-bd29-af1db53cc5b3,1,cmsArticle_Files,cmsArticle_Files,文章文件,NULL,springFileList,NULL,NULL,1,462a55ca-a1a6-4157-810e-b0d34387474e,springFileList_Action,NULL,2,295e169d-cf86-4077-b8a9-4c5ec42b565d,2015-09-08 20:33:36.5781433 +08:00,295e169d-cf86-4077-b8a9-4c5ec42b565d,2016-01-27 17:26:30.1979735 +08:00,0x00000000004EB60D
0bd7f7ab-b7e4-4c5e-9c40-873825b55681,aab8e5ea-b013-4f80-9265-5b4d69dcb4c4,0,问答,NULL,NULL,NULL,NULL,NULL,NULL,0,NULL,NULL,NULL,2,295e169d-cf86-4077-b8a9-4c5ec42b565d,2014-11-29 20:41:30.2433750 +08:00,295e169d-cf86-4077-b8a9-4c5ec42b565d,2014-11-29 20:41:30.2433750 +08:00,0x00000000022B7B46
0e0a8d1e-a542-4e33-8074-fa8bd58d97e4,6062c534-a5ba-4130-afd9-eced8a3841f6,0,模板消息,NULL,NULL,NULL,NULL,NULL,NULL,0,NULL,NULL,NULL,7,295e169d-cf86-4077-b8a9-4c5ec42b565d,2018-05-27 11:13:56.7143673 +08:00,295e169d-cf86-4077-b8a9-4c5ec42b565d,2018-05-27 11:13:56.7143673 +08:00,0x00000000022B7CA1
137ad7c4-2d34-4ea9-b283-7d24369b46d1,3d6d9744-b9bf-4bb1-adc8-2afb81d1fca5,1,cmsSocialKfRecord_1,cmsSocialKfRecord_1,客服交谈记录,NULL,cmsSocialKfRecord,type,1,0,NULL,cmsSocialKfRecord_Action,NULL,2,295e169d-cf86-4077-b8a9-4c5ec42b565d,2015-01-01 20:44:15.2281482 +08:00,295e169d-cf86-4077-b8a9-4c5ec42b565d,2015-01-01 20:45:36.3275292 +08:00,0x00000000022B7CD4
14b57c70-9f42-47d1-bc35-3b21e24a4911,92db2973-d34e-422b-9f42-735a6e95b843,1,springFileTableRel,FileTableRel,文件表关联,NULL,springFileTableRel,NULL,NULL,0,NULL,springFileTableRel_Action,NULL,3,77dec868-d001-4790-b6a4-0fa8df9a39f9,2012-12-13 00:34:05.3113695 +08:00,77dec868-d001-4790-b6a4-0fa8df9a39f9,2012-12-13 00:34:05.3113695 +08:00,0x0000000000000936
167ef88e-c141-42ce-a60f-7d55382d1af7,c6aa73b6-780b-48cb-9f99-104dad44d34d,1,cmsArticle_Rel,cmsArticle_Rel,文章管理表,NULL,cmsArticle_Rel,NULL,NULL,0,NULL,cmsArticle_Rel_Action,NULL,3,295e169d-cf86-4077-b8a9-4c5ec42b565d,2017-02-26 08:49:23.0884270 +08:00,295e169d-cf86-4077-b8a9-4c5ec42b565d,2017-02-26 08:49:23.0884270 +08:00,0x00000000012A743B
16ef750c-dcb0-4363-9596-6b0b26d3f2e2,f0eff541-4e35-4ef5-a5ae-7df2df3f05ea,1,springFdForeignKey,NULL,表外键,NULL,springFdForeignKey,NULL,NULL,NULL,NULL,NULL,NULL,9,,2012-09-27 16:55:32.5793180 +08:00,,2012-10-13 23:40:20.6569278 +08:00,0x0000000000B7FDB1
16fb67b6-0f59-409a-8232-2bf7bce5e09e,3d6d9744-b9bf-4bb1-adc8-2afb81d1fca5,1,cmsSocialKf_1,cmsSocialKf_1,客服管理,NULL,cmsSocialKf,type,1,1,fb1f34e5-53cf-4272-9376-4363909eecb8,cmsSocialKf_Action,NULL,1,295e169d-cf86-4077-b8a9-4c5ec42b565d,2015-01-01 19:40:31.7031352 +08:00,295e169d-cf86-4077-b8a9-4c5ec42b565d,2015-01-01 20:02:35.0416719 +08:00,0x00000000022B7CBF
17f82eee-023c-44e1-9727-c2777b393ac3,e1bf62a8-471b-4adf-84cc-6732b0d5893f,0,主营业务,NULL,NULL,NULL,NULL,NULL,NULL,0,NULL,NULL,NULL,1,295e169d-cf86-4077-b8a9-4c5ec42b565d,2018-02-19 13:11:34.6990697 +08:00,624c460c-aa32-4f56-850b-3f08fd4848bf,2019-11-04 14:16:19.9714806 +08:00,0x00000000022FCBC7
17ffcede-6c94-4d3e-a07e-e4d2231ed6e2,31b4ade8-5f03-46e4-bdad-262b0974f787,1,cmsChannelMap,cmsChannelMap,站点地图,NULL,cmsChannelMap,NULL,NULL,0,NULL,cmsChannelMap_Action,NULL,3,295e169d-cf86-4077-b8a9-4c5ec42b565d,2015-06-27 06:36:03.0059096 +08:00,295e169d-cf86-4077-b8a9-4c5ec42b565d,2016-01-19 18:18:16.5250153 +08:00,0x00000000004E40A3
1901fdb3-72a4-4559-abd2-6ba9fcee5fa5,f0eff541-4e35-4ef5-a5ae-7df2df3f05ea,1,springFdList_g,springFdList_g,值列表分组,NULL,springFdList_g,NULL,NULL,0,NULL,springFdList_g_Action,NULL,7,295e169d-cf86-4077-b8a9-4c5ec42b565d,2016-05-16 08:49:00.9540894 +08:00,295e169d-cf86-4077-b8a9-4c5ec42b565d,2016-05-16 08:49:00.9540894 +08:00,0x0000000000B7FDB2
2082994e-eeca-4fc7-aec1-712cb2fec23e,f0eff541-4e35-4ef5-a5ae-7df2df3f05ea,1,springDbInfo,springDbInfo,数据库信息,NULL,springDbInfo,NULL,NULL,0,NULL,springDbInfo_Action,NULL,1,77dec868-d001-4790-b6a4-0fa8df9a39f9,2013-03-19 20:18:52.3923154 +08:00,77dec868-d001-4790-b6a4-0fa8df9a39f9,2013-03-19 20:19:01.3123279 +08:00,0x0000000000B7FDB3
214d0c04-9354-48c8-8f0b-6f029002ad2d,74e54bac-48a5-41c9-b38d-795570f6da61,1,cmsUrl,cmsUrl,网站Url映射,NULL,cmsUrl,NULL,NULL,0,NULL,cmsUrl_Action,NULL,4,295e169d-cf86-4077-b8a9-4c5ec42b565d,2018-02-25 23:54:00.6281661 +08:00,295e169d-cf86-4077-b8a9-4c5ec42b565d,2018-02-25 23:54:00.6281661 +08:00,0x000000000214C91D
23400f40-c8cd-42c2-863d-12abe154c17f,fd328caa-9c10-4b38-912c-4e36d6d6611b,1,cmsPayHistory,cmsPayHistory,付款单历史记录,NULL,cmsPayHistory,NULL,NULL,0,NULL,cmsPayHistory_Action,NULL,2,295e169d-cf86-4077-b8a9-4c5ec42b565d,2015-07-27 12:57:01.5552569 +08:00,295e169d-cf86-4077-b8a9-4c5ec42b565d,2016-11-20 11:25:10.4962777 +08:00,0x00000000013A34BC
240591d6-ea7f-46eb-a1ab-1d591af4f835,31b4ade8-5f03-46e4-bdad-262b0974f787,1,cmsChannelFiels,cmsChannelFiels,站点文件,NULL,springFileList,NULL,NULL,1,462a55ca-a1a6-4157-810e-b0d34387474e,springFileList_Action,NULL,5,295e169d-cf86-4077-b8a9-4c5ec42b565d,2016-07-10 07:40:10.9594045 +08:00,295e169d-cf86-4077-b8a9-4c5ec42b565d,2016-07-10 07:45:37.1489921 +08:00,0x000000000085271F
24dab026-0619-4647-b97c-63d69689b8f7,b1f6f12e-5d3d-49dc-be1e-322430147f30,1,cmsArticleNewsFile,cmsArticleNewsFile,文档,NULL,springFileList,NULL,NULL,1,462a55ca-a1a6-4157-810e-b0d34387474e,springFileList_Action,NULL,2,624c460c-aa32-4f56-850b-3f08fd4848bf,2019-11-04 14:58:53.5977486 +08:00,624c460c-aa32-4f56-850b-3f08fd4848bf,2019-11-04 14:59:24.8125254 +08:00,0x00000000022FCF71
257a85e4-1f38-4c24-95da-6003e660826c,b4e90c32-cdc5-4e3c-b779-7e3546502bfd,1,cmsProduct_Rel3,cmsProduct_Rel3,产品型号关联,NULL,cmsProduct_Rel,type,3,0,NULL,cmsProduct_Rel_Action,NULL,4,24597ceb-8ffb-46a5-96c0-4d173393bb5c,2019-07-08 09:26:09.3127726 +08:00,24597ceb-8ffb-46a5-96c0-4d173393bb5c,2019-07-09 19:21:28.7747016 +08:00,0x00000000022D21F8
27335ebe-7710-45fe-a7a3-75157313cecc,b674ed60-e665-489f-84c3-c0a5b5a7fa75,1,innerMsgBack2,innerMsgBack2,已执行消息2,NULL,innerMsgBack2,NULL,NULL,0,NULL,innerMsgBack2_Action,NULL,4,295e169d-cf86-4077-b8a9-4c5ec42b565d,2019-01-07 12:01:55.5083965 +08:00,295e169d-cf86-4077-b8a9-4c5ec42b565d,2019-01-07 12:01:55.5083965 +08:00,0x00000000022B6B84
2b612294-969b-4752-8f61-ff47da3feadc,0e0a8d1e-a542-4e33-8074-fa8bd58d97e4,1,cmsSocialWeiXinTemp_m,cmsSocialWeiXinTemp_m,定义主表,NULL,cmsSocialWeiXinTemp_m,NULL,NULL,0,NULL,cmsSocialWeiXinTemp_m_Action,NULL,1,295e169d-cf86-4077-b8a9-4c5ec42b565d,2018-05-27 11:15:08.1987423 +08:00,295e169d-cf86-4077-b8a9-4c5ec42b565d,2018-05-27 11:18:57.0581173 +08:00,0x00000000022B7CE6
2bde7bfb-a313-44e6-8aa9-f3299c781bea,f17b01d7-4d9e-4f30-b727-63803d48b0f0,1,cmsArticleCaseFiles,cmsArticleCaseFiles,文件,NULL,springFileList,NULL,NULL,1,462a55ca-a1a6-4157-810e-b0d34387474e,springFileList_Action,NULL,3,295e169d-cf86-4077-b8a9-4c5ec42b565d,2015-09-12 15:13:03.8758064 +08:00,624c460c-aa32-4f56-850b-3f08fd4848bf,2019-11-04 14:57:03.1670669 +08:00,0x00000000022FCB6B
2bf50b7c-aeb8-4922-9f6f-0e20fe6963ea,0bd7f7ab-b7e4-4c5e-9c40-873825b55681,1,cmsSocialAskList,cmsSocialAskList,问答记录表,NULL,cmsSocialAskList,NULL,NULL,0,NULL,cmsSocialAskList_Action,NULL,4,295e169d-cf86-4077-b8a9-4c5ec42b565d,2014-11-29 22:44:05.7080835 +08:00,295e169d-cf86-4077-b8a9-4c5ec42b565d,2014-11-29 22:44:05.7080835 +08:00,0x00000000022B7B9C
2e8a16e0-66c4-4b74-b4b5-b4555a5137d5,e1bf62a8-471b-4adf-84cc-6732b0d5893f,0,关于我们,NULL,NULL,NULL,NULL,NULL,NULL,0,NULL,NULL,NULL,3,295e169d-cf86-4077-b8a9-4c5ec42b565d,2015-11-07 13:05:45.0946460 +08:00,624c460c-aa32-4f56-850b-3f08fd4848bf,2019-11-04 14:58:01.8225825 +08:00,0x00000000022FCBD2
2eaa0faa-b3fe-4667-834a-eb7066cb441f,f0af8996-c5e5-4642-8794-4d4dc7a58d81,1,cmsArticleParty,cmsArticleParty,文章,NULL,cmsArticle,NULL,NULL,1,462a55ca-a1a6-4157-810e-b0d34387474e,cmsArticle_Action,NULL,1,295e169d-cf86-4077-b8a9-4c5ec42b565d,2015-02-10 12:37:33.4744963 +08:00,624c460c-aa32-4f56-850b-3f08fd4848bf,2019-11-04 15:00:19.0617953 +08:00,0x00000000022FCC37
2f05779f-9bcb-42d2-ac39-ce97cd9ddbc1,31b4ade8-5f03-46e4-bdad-262b0974f787,1,cmsChannel_View,cmsChannel_View,频道管理视图,NULL,cmsChannel_View,NULL,NULL,0,NULL,cmsChannel_Action,NULL,2,295e169d-cf86-4077-b8a9-4c5ec42b565d,2014-12-19 23:37:26.5972438 +08:00,295e169d-cf86-4077-b8a9-4c5ec42b565d,2015-08-07 22:03:49.0412671 +08:00,0x00000000004E40A2
2f161156-988e-4485-a6ef-96a3833bbc46,488189b0-7ea0-4284-a0d7-951df6107e21,1,cmsMessageBoard,cmsMessageBoard,留言板,NULL,cmsMessageBoard,NULL,NULL,0,NULL,cmsMessageBoard_Action,NULL,1,295e169d-cf86-4077-b8a9-4c5ec42b565d,2015-04-02 06:49:06.0311234 +08:00,295e169d-cf86-4077-b8a9-4c5ec42b565d,2015-04-02 06:49:06.0311234 +08:00,0x00000000001019FF
2f4f7c23-e491-4b4b-90d5-3c732a4929d7,b1f6f12e-5d3d-49dc-be1e-322430147f30,1,cmsArticleNews,cmsArticleNews,文章,NULL,cmsArticle,NULL,NULL,1,462a55ca-a1a6-4157-810e-b0d34387474e,cmsArticle_Action,NULL,1,24597ceb-8ffb-46a5-96c0-4d173393bb5c,2019-06-25 11:11:36.7281485 +08:00,624c460c-aa32-4f56-850b-3f08fd4848bf,2019-11-04 15:41:57.9755178 +08:00,0x00000000022FCF70
2fe7c2c7-e72d-4f6f-a859-bb25ee33b802,aab8e5ea-b013-4f80-9265-5b4d69dcb4c4,0,用户管理,NULL,NULL,NULL,NULL,NULL,NULL,0,NULL,NULL,NULL,4,295e169d-cf86-4077-b8a9-4c5ec42b565d,2014-12-21 15:05:17.4552936 +08:00,295e169d-cf86-4077-b8a9-4c5ec42b565d,2014-12-21 15:05:17.4552936 +08:00,0x00000000022B7B48
31b4ade8-5f03-46e4-bdad-262b0974f787,8d836747-8e5e-4c07-b78c-c11369726124,0,频道及导航管理,NULL,NULL,NULL,NULL,NULL,NULL,0,NULL,NULL,NULL,2,295e169d-cf86-4077-b8a9-4c5ec42b565d,2015-08-07 22:03:00.4180411 +08:00,295e169d-cf86-4077-b8a9-4c5ec42b565d,2016-01-19 18:18:32.4876173 +08:00,0x00000000022A6235
32fc2f41-e515-410c-830e-94f1f2cd4915,b674ed60-e665-489f-84c3-c0a5b5a7fa75,1,innerMsgRun,innerMsgRun,待执行消息,NULL,innerMsgRun,NULL,NULL,0,NULL,innerMsgRun_Action,NULL,1,295e169d-cf86-4077-b8a9-4c5ec42b565d,2017-04-19 21:45:25.3748223 +08:00,295e169d-cf86-4077-b8a9-4c5ec42b565d,2017-04-19 21:45:25.3748223 +08:00,0x00000000022B5E29
350df3dc-2194-430b-bd29-af1db53cc5b3,b1f6f12e-5d3d-49dc-be1e-322430147f30,0,专题专栏[type=1002],NULL,NULL,NULL,NULL,NULL,NULL,0,NULL,NULL,NULL,4,295e169d-cf86-4077-b8a9-4c5ec42b565d,2016-01-12 21:23:48.0893103 +08:00,624c460c-aa32-4f56-850b-3f08fd4848bf,2019-11-04 15:45:37.6113525 +08:00,0x00000000022FCF73
3573d648-c7f2-4a94-b2cb-37729a2b6f51,fd328caa-9c10-4b38-912c-4e36d6d6611b,1,cmsPayTest,cmsPayTest,付款测试订单,NULL,cmsPayTest,NULL,NULL,0,NULL,cmsPayTest_Action,NULL,8,295e169d-cf86-4077-b8a9-4c5ec42b565d,2016-12-17 16:52:58.8730793 +08:00,295e169d-cf86-4077-b8a9-4c5ec42b565d,2016-12-17 16:52:58.8730793 +08:00,0x00000000013A3531
3692af45-c510-4184-8d43-6afa722f7505,f0eff541-4e35-4ef5-a5ae-7df2df3f05ea,1,springField,NULL,字段,NULL,springField,NULL,NULL,NULL,NULL,NULL,NULL,3,,2012-09-27 17:15:51.7533296 +08:00,,2012-10-13 23:40:20.6549277 +08:00,0x0000000000B7FDB4
378ea5cb-0916-4cbc-a10c-8742d36e3d1c,f0eff541-4e35-4ef5-a5ae-7df2df3f05ea,1,springTb,NULL,表,NULL,springTb,NULL,NULL,0,NULL,springTb_Action,NULL,2,,2012-09-27 16:28:43.2169417 +08:00,,2012-11-06 10:27:47.8854564 +08:00,0x0000000000B7FDB5
37a2390e-a44d-44e5-aceb-cf96a5004aec,f0eff541-4e35-4ef5-a5ae-7df2df3f05ea,1,springTbUiTemplate,NULL,UI模板,NULL,springTbUiTemplate,NULL,NULL,NULL,NULL,NULL,NULL,10,,2012-10-08 10:32:52.2619607 +08:00,,2012-10-13 23:40:20.6549277 +08:00,0x0000000000B7FDB6
3a8bd63d-f1b6-4ba1-938b-8dc2d45abd73,6062c534-a5ba-4130-afd9-eced8a3841f6,1,cmsSocialWeiXinStatus,cmsSocialWeiXinStatus,微信状态表,NULL,cmsSocialWeiXinStatus,NULL,NULL,0,NULL,cmsSocialWeiXinStatus_Action,NULL,1,295e169d-cf86-4077-b8a9-4c5ec42b565d,2014-02-28 17:31:19.0275714 +08:00,295e169d-cf86-4077-b8a9-4c5ec42b565d,2014-02-28 17:31:19.0275714 +08:00,0x00000000022B7C9B
3b2be63e-27cd-4948-83e5-e5538add362c,0e0a8d1e-a542-4e33-8074-fa8bd58d97e4,1,cmsSocialWeiXinTempNews_h2,cmsSocialWeiXinTempNews_h2,发送历史2,NULL,cmsSocialWeiXinTempNews_h2,NULL,NULL,0,NULL,cmsSocialWeiXinTempNews_h2_Action,NULL,6,295e169d-cf86-4077-b8a9-4c5ec42b565d,2019-01-03 10:36:20.9713847 +08:00,295e169d-cf86-4077-b8a9-4c5ec42b565d,2019-01-03 10:36:20.9713847 +08:00,0x00000000022B7D77
3d6d9744-b9bf-4bb1-adc8-2afb81d1fca5,6062c534-a5ba-4130-afd9-eced8a3841f6,0,客服管理,NULL,NULL,NULL,NULL,NULL,NULL,0,NULL,NULL,NULL,6,295e169d-cf86-4077-b8a9-4c5ec42b565d,2015-01-01 20:02:26.8668672 +08:00,295e169d-cf86-4077-b8a9-4c5ec42b565d,2015-01-01 20:02:26.8668672 +08:00,0x00000000022B7CA0
3ffbebff-0f86-4c94-b448-681d6cc84a51,e1bf62a8-471b-4adf-84cc-6732b0d5893f,0,文章扩展,NULL,NULL,NULL,NULL,NULL,NULL,0,NULL,NULL,NULL,6,295e169d-cf86-4077-b8a9-4c5ec42b565d,2015-02-10 12:35:45.9043203 +08:00,295e169d-cf86-4077-b8a9-4c5ec42b565d,2018-11-21 17:14:27.0923177 +08:00,0x00000000022FCBCC
4255820b-1c14-4774-ad3c-de5b5bcf7ad5,04c79ebc-1bca-4eb8-a6d7-269c742cfe2a,1,cmsSocialKfRecord,cmsSocialKfRecord,客户交谈记录,NULL,cmsSocialKfRecord,NULL,NULL,0,NULL,cmsSocialKfRecord_Action,NULL,2,295e169d-cf86-4077-b8a9-4c5ec42b565d,2015-01-01 20:42:01.4350649 +08:00,295e169d-cf86-4077-b8a9-4c5ec42b565d,2015-01-01 20:42:01.4350649 +08:00,0x00000000022B7C07
442a6886-d6a9-4ff6-9ede-a66a4328a394,8633e34a-87a1-44ca-8d59-3a6924f59388,1,cmsChannel_Html,cmsChannel_Html,频道网页,NULL,cmsHtml,type,1001,1,462a55ca-a1a6-4157-810e-b0d34387474e,cmsHtml_Action,NULL,1,295e169d-cf86-4077-b8a9-4c5ec42b565d,2015-07-18 11:30:37.5914797 +08:00,295e169d-cf86-4077-b8a9-4c5ec42b565d,2015-07-18 11:33:52.6368996 +08:00,0x00000000001984D3
44e26a22-ef1a-4204-8d12-cfbd82c963ea,b674ed60-e665-489f-84c3-c0a5b5a7fa75,1,innerMsgLog,innerMsgLog,执行日志,NULL,innerMsgLog,NULL,NULL,0,NULL,innerMsgLog_Action,NULL,3,295e169d-cf86-4077-b8a9-4c5ec42b565d,2017-04-19 21:46:31.3807440 +08:00,295e169d-cf86-4077-b8a9-4c5ec42b565d,2017-04-19 21:46:31.3807440 +08:00,0x00000000022B5DEE
4518c812-24bd-4f7a-b2b0-c31e6c134fd4,b1f6f12e-5d3d-49dc-be1e-322430147f30,1,cmsArticleSpecial,cmsArticleSpecial,专题专栏,NULL,cmsArticle,NULL,NULL,1,462a55ca-a1a6-4157-810e-b0d34387474e,cmsArticle_Action,NULL,3,624c460c-aa32-4f56-850b-3f08fd4848bf,2019-11-04 16:10:47.6510123 +08:00,624c460c-aa32-4f56-850b-3f08fd4848bf,2019-11-04 16:10:47.6510123 +08:00,0x00000000022FCF72
488189b0-7ea0-4284-a0d7-951df6107e21,8d836747-8e5e-4c07-b78c-c11369726124,0,留言板,NULL,NULL,NULL,NULL,NULL,NULL,0,NULL,NULL,NULL,5,295e169d-cf86-4077-b8a9-4c5ec42b565d,2015-04-02 06:47:38.4102152 +08:00,295e169d-cf86-4077-b8a9-4c5ec42b565d,2018-11-21 17:16:31.3265251 +08:00,0x00000000022A6238
48f9d199-f5e6-4296-b7f2-115ff7c123e9,6062c534-a5ba-4130-afd9-eced8a3841f6,0,用户管理,NULL,NULL,NULL,NULL,NULL,NULL,0,NULL,NULL,NULL,3,295e169d-cf86-4077-b8a9-4c5ec42b565d,2014-12-21 17:18:18.9989092 +08:00,295e169d-cf86-4077-b8a9-4c5ec42b565d,2014-12-21 17:18:18.9989092 +08:00,0x00000000022B7C9D
49979ce8-f5c1-4239-a511-a88ce640a446,e1bf62a8-471b-4adf-84cc-6732b0d5893f,0,参数管理,NULL,NULL,NULL,NULL,NULL,NULL,0,NULL,NULL,NULL,7,295e169d-cf86-4077-b8a9-4c5ec42b565d,2015-03-30 18:43:35.9526677 +08:00,295e169d-cf86-4077-b8a9-4c5ec42b565d,2018-11-21 17:14:39.4673145 +08:00,0x00000000022FCBCD
4bb79886-0adf-40aa-a56c-7b2bba26b6f6,0e0a8d1e-a542-4e33-8074-fa8bd58d97e4,1,cmsSocialWeiXinTempNews_m,cmsSocialWeiXinTempNews_m,实例主表,NULL,cmsSocialWeiXinTempNews_m,NULL,NULL,0,NULL,cmsSocialWeiXinTempNews_m_Action,NULL,3,295e169d-cf86-4077-b8a9-4c5ec42b565d,2018-05-27 11:18:48.9174923 +08:00,295e169d-cf86-4077-b8a9-4c5ec42b565d,2018-05-27 11:18:48.9174923 +08:00,0x00000000022B7D1D
4bf5b62d-8a27-4366-8e52-9f15064e18c2,2fe7c2c7-e72d-4f6f-a859-bb25ee33b802,1,cmsSocialGroup,cmsSocialGroup,用户分组,NULL,cmsSocialGroup,NULL,NULL,0,NULL,cmsSocialGroup_Action,NULL,1,295e169d-cf86-4077-b8a9-4c5ec42b565d,2014-12-21 15:05:45.1771521 +08:00,295e169d-cf86-4077-b8a9-4c5ec42b565d,2014-12-21 15:06:07.7186781 +08:00,0x00000000022B7BC2
50fc0617-0260-4ad0-9a04-e20cf8f08b24,77721d6d-01fc-4b80-a316-7f6d07549542,1,cmsSiteLinks,cmsSiteLinks,站点内链,NULL,cmsSiteLinks,NULL,NULL,0,NULL,cmsSiteLinks_Action,NULL,4,295e169d-cf86-4077-b8a9-4c5ec42b565d,2016-01-22 21:33:56.2510319 +08:00,295e169d-cf86-4077-b8a9-4c5ec42b565d,2016-01-22 21:34:07.6514939 +08:00,0x00000000004E7155
514484bb-3382-4e7f-907d-be96a239d155,c6aa73b6-780b-48cb-9f99-104dad44d34d,1,cmsArticle_Dimension,cmsArticle_Dimension,文章参数维度表,NULL,cmsArticle_Dimension,NULL,NULL,0,NULL,cmsArticle_Dimension_Action,NULL,2,295e169d-cf86-4077-b8a9-4c5ec42b565d,2015-08-11 10:31:20.6233073 +08:00,295e169d-cf86-4077-b8a9-4c5ec42b565d,2016-01-27 17:18:13.8078127 +08:00,0x00000000004EB5FE
5fc2a2ed-7c76-449e-92f7-83d97147fd19,db4a476d-25a2-47b3-9e4f-ca010b2094c9,1,cmsArticleType,ArticleType,文章类型表,NULL,cmsArticleType,NULL,NULL,0,NULL,cmsArticleType_Action,NULL,1,77dec868-d001-4790-b6a4-0fa8df9a39f9,2012-12-24 10:05:55.1200503 +08:00,295e169d-cf86-4077-b8a9-4c5ec42b565d,2013-10-23 11:23:33.1593130 +08:00,0x000000000214ACCF
60192800-cc1b-4011-b656-11823a07255b,92db2973-d34e-422b-9f42-735a6e95b843,1,springFileList,FileList,文件列表,NULL,springFileList,NULL,NULL,1,d4a76807-56d3-4f42-9e8c-3649f8b0a49c,springFileList_Action,NULL,2,77dec868-d001-4790-b6a4-0fa8df9a39f9,2012-12-12 21:41:56.2419914 +08:00,295e169d-cf86-4077-b8a9-4c5ec42b565d,2016-10-15 10:56:31.6859518 +08:00,0x0000000000B7FE2C
6062c534-a5ba-4130-afd9-eced8a3841f6,aab8e5ea-b013-4f80-9265-5b4d69dcb4c4,0,微信,NULL,NULL,NULL,NULL,NULL,NULL,0,NULL,NULL,NULL,6,295e169d-cf86-4077-b8a9-4c5ec42b565d,2014-02-28 17:05:23.9226244 +08:00,295e169d-cf86-4077-b8a9-4c5ec42b565d,2014-02-28 17:05:23.9226244 +08:00,0x00000000022B7B4A
6218bd63-3845-434a-9a41-37b3cf0fdaf6,04c79ebc-1bca-4eb8-a6d7-269c742cfe2a,1,cmsSocialKf,cmsSocialKf,客户管理,NULL,cmsSocialKf,NULL,NULL,0,NULL,cmsSocialKf_Action,NULL,1,295e169d-cf86-4077-b8a9-4c5ec42b565d,2015-01-01 19:34:50.0838694 +08:00,295e169d-cf86-4077-b8a9-4c5ec42b565d,2015-01-01 20:01:56.1881562 +08:00,0x00000000022B7BEA
648979dd-a402-4167-b82c-67ccb2970cda,0bd7f7ab-b7e4-4c5e-9c40-873825b55681,1,cmsSocialAskUser,cmsSocialAskUser,问答人员表,NULL,cmsSocialAskUser,NULL,NULL,0,NULL,cmsSocialAskUser_Action,NULL,3,295e169d-cf86-4077-b8a9-4c5ec42b565d,2014-12-03 10:38:21.3424322 +08:00,295e169d-cf86-4077-b8a9-4c5ec42b565d,2014-12-03 10:38:21.3424322 +08:00,0x00000000022B7B84
665c34db-412e-4e26-833c-c99ff0688a5b,f17b01d7-4d9e-4f30-b727-63803d48b0f0,1,cmsArticleClient,cmsArticleClient,主要客户,NULL,cmsArticle,NULL,NULL,1,462a55ca-a1a6-4157-810e-b0d34387474e,cmsArticle_Action,NULL,2,624c460c-aa32-4f56-850b-3f08fd4848bf,2019-11-04 14:55:34.8206997 +08:00,624c460c-aa32-4f56-850b-3f08fd4848bf,2019-11-04 14:55:34.8206997 +08:00,0x00000000022FCB6A
6665da7d-b585-4d7a-866e-69c262c57f82,c6aa73b6-780b-48cb-9f99-104dad44d34d,1,cmsArticle_Attr,cmsArticle_Attr,文章扩展表,NULL,cmsArticle_Attr,NULL,NULL,0,NULL,cmsArticle_Attr_Action,NULL,1,295e169d-cf86-4077-b8a9-4c5ec42b565d,2015-08-11 10:30:25.6655753 +08:00,295e169d-cf86-4077-b8a9-4c5ec42b565d,2015-08-11 12:37:03.0504589 +08:00,0x00000000001AF57B
67b90751-34e3-470f-882e-ce5aa841634f,0bd7f7ab-b7e4-4c5e-9c40-873825b55681,1,cmsSocialQuestion,cmsSocialQuestion,问题信息表,NULL,cmsSocialQuestion,NULL,NULL,0,NULL,cmsSocialQuestion_Action,NULL,2,295e169d-cf86-4077-b8a9-4c5ec42b565d,2014-11-29 20:47:10.5738408 +08:00,295e169d-cf86-4077-b8a9-4c5ec42b565d,2014-11-29 20:47:10.5738408 +08:00,0x00000000022B7B6A
68828acf-7307-41d1-82a3-da523879d5f4,2fe7c2c7-e72d-4f6f-a859-bb25ee33b802,1,cmsSocialUser,cmsSocialUser,用户,NULL,cmsSocialUser,NULL,NULL,0,NULL,cmsSocialUser_Action,NULL,2,295e169d-cf86-4077-b8a9-4c5ec42b565d,2014-12-21 15:07:03.9451827 +08:00,295e169d-cf86-4077-b8a9-4c5ec42b565d,2014-12-21 17:20:25.8963600 +08:00,0x00000000022B7BD2
699c762d-6f55-41a3-8e46-26d331d2c462,f0eff541-4e35-4ef5-a5ae-7df2df3f05ea,1,springTbTypeRel,TbTypeRel,表类型关联定义表,NULL,springTbTypeRel,NULL,NULL,0,NULL,NULL,NULL,8,,2012-10-15 09:16:14.3040774 +08:00,,2012-10-15 09:17:06.2630493 +08:00,0x0000000000B7FDB7
6a42044d-fed5-4b4f-a3c0-2c84ec4e30fd,fd328caa-9c10-4b38-912c-4e36d6d6611b,1,cmsPayConfig,cmsPayConfig,交易配置,NULL,cmsPayConfig,NULL,NULL,0,NULL,cmsPayConfig_Action,NULL,5,295e169d-cf86-4077-b8a9-4c5ec42b565d,2015-07-26 20:53:51.9327888 +08:00,295e169d-cf86-4077-b8a9-4c5ec42b565d,2015-07-26 20:53:51.9327888 +08:00,0x00000000013A34FD
6a722578-a5b1-498f-b27d-822a206b7c13,d8eca430-96d6-44ec-b893-3aab52f418f6,1,cmsUpLoadNews_m_1,cmsUpLoadNews_m_1,主表,NULL,cmsUpLoadNews_m,type,1,0,NULL,cmsUpLoadNews_m_Action,NULL,1,295e169d-cf86-4077-b8a9-4c5ec42b565d,2014-12-20 21:30:03.6044201 +08:00,295e169d-cf86-4077-b8a9-4c5ec42b565d,2014-12-20 21:32:58.3914051 +08:00,0x00000000000C3A1C
6c1bf66c-1fc9-4a4e-bd64-0dc14d6f83f0,8d836747-8e5e-4c07-b78c-c11369726124,1,cmsSiteMap,cmsSiteMap,网站通讯地址,NULL,cmsSiteMap,NULL,NULL,1,462a55ca-a1a6-4157-810e-b0d34387474e,cmsSiteMap_Action,NULL,6,295e169d-cf86-4077-b8a9-4c5ec42b565d,2015-04-27 11:42:32.9374469 +08:00,295e169d-cf86-4077-b8a9-4c5ec42b565d,2015-06-27 07:12:21.2752743 +08:00,0x00000000022A6239
6cd3429d-b3ff-4b7f-bb96-64b5e56612f7,b4e90c32-cdc5-4e3c-b779-7e3546502bfd,1,cmsProduct_m,cmsProduct_m,样本管理,NULL,cmsProduct_m,NULL,NULL,1,462a55ca-a1a6-4157-810e-b0d34387474e,cmsProduct_m_Action,NULL,1,24597ceb-8ffb-46a5-96c0-4d173393bb5c,2019-06-25 17:45:34.7084867 +08:00,1e670c58-9bc3-4f49-9cc0-c9cc064d782a,2019-08-12 17:04:57.7813186 +08:00,0x00000000022D5743
6e063aba-7fd9-44ee-b30d-804daab02948,f561776b-4d34-4977-9561-48b99abd041d,1,cmsAbout_Html,cmsAbout_Html,关于我们网页扩展,NULL,cmsHtml,type,1003,1,462a55ca-a1a6-4157-810e-b0d34387474e,cmsHtml_Action,NULL,1,47c0bf38-8e92-43ea-8cfe-e3a7a7991e17,2019-03-21 14:25:31.0509440 +08:00,47c0bf38-8e92-43ea-8cfe-e3a7a7991e17,2019-03-21 14:25:31.0509440 +08:00,0x00000000022BA276
71cc6508-38f5-4d9d-8451-d20175839ba7,48f9d199-f5e6-4296-b7f2-115ff7c123e9,1,cmsSocialGroup_1,cmsSocialGroup_1,用户分组,NULL,cmsSocialGroup,NULL,NULL,0,NULL,cmsSocialGroup_Action,NULL,1,295e169d-cf86-4077-b8a9-4c5ec42b565d,2014-12-21 17:19:29.1842214 +08:00,295e169d-cf86-4077-b8a9-4c5ec42b565d,2014-12-21 17:20:39.6371220 +08:00,0x00000000022B7C5B
7384f5eb-7047-4761-90c5-2e10fe2a057e,488189b0-7ea0-4284-a0d7-951df6107e21,1,cmsMessageBoard2,cmsMessageBoard2,建议留言,NULL,cmsMessageBoard,type,2,0,NULL,cmsMessageBoard_Action,NULL,2,295e169d-cf86-4077-b8a9-4c5ec42b565d,2015-08-30 08:45:44.6942976 +08:00,624c460c-aa32-4f56-850b-3f08fd4848bf,2019-11-05 16:17:16.8337117 +08:00,0x00000000022FD231
74e54bac-48a5-41c9-b38d-795570f6da61,8d836747-8e5e-4c07-b78c-c11369726124,0,日志,NULL,NULL,NULL,NULL,NULL,NULL,0,NULL,NULL,NULL,4,d938fa32-b8f3-4517-b6bc-3856c73ac19b,2014-05-09 18:04:10.7618107 +08:00,d938fa32-b8f3-4517-b6bc-3856c73ac19b,2014-05-09 18:04:10.7618107 +08:00,0x00000000022A6237
77721d6d-01fc-4b80-a316-7f6d07549542,8d836747-8e5e-4c07-b78c-c11369726124,0,站点信息,NULL,NULL,NULL,NULL,NULL,NULL,0,NULL,NULL,NULL,1,295e169d-cf86-4077-b8a9-4c5ec42b565d,2016-01-22 21:32:45.6846979 +08:00,295e169d-cf86-4077-b8a9-4c5ec42b565d,2016-01-22 21:32:45.6846979 +08:00,0x00000000022A6234
79aec230-440b-4608-b501-cadba259baa0,97e5c30a-cc50-41f1-86c4-55177de3679a,1,cmsSocialAskList_1,cmsSocialAskList_1,问答记录表,NULL,cmsSocialAskList,userType,1,0,NULL,cmsSocialAskList_Action,NULL,2,295e169d-cf86-4077-b8a9-4c5ec42b565d,2014-12-28 17:25:29.4891274 +08:00,295e169d-cf86-4077-b8a9-4c5ec42b565d,2014-12-28 17:27:50.3581917 +08:00,0x00000000022B7CAF
7ab4b54a-3a4f-4056-b21f-d25d71db3b80,8d836747-8e5e-4c07-b78c-c11369726124,0,关键词,NULL,NULL,NULL,NULL,NULL,NULL,0,NULL,NULL,NULL,7,295e169d-cf86-4077-b8a9-4c5ec42b565d,2015-07-18 08:52:02.7725917 +08:00,295e169d-cf86-4077-b8a9-4c5ec42b565d,2015-07-18 08:52:02.7725917 +08:00,0x00000000022A623A
7fc9554b-9ff8-4f7a-89f2-d226bb7a1bd2,f0eff541-4e35-4ef5-a5ae-7df2df3f05ea,1,springSpTranslation,NULL,存储过程翻译,NULL,springSpTranslation,NULL,NULL,NULL,NULL,NULL,NULL,13,,2012-09-28 16:32:51.2008105 +08:00,,2012-10-13 23:40:20.6579279 +08:00,0x0000000000B7FDB9
7fe1f540-e2f8-4625-bc73-c84ec9b0996c,f0eff541-4e35-4ef5-a5ae-7df2df3f05ea,1,springFdList_d,NULL,值列表值,NULL,springFdList_d,NULL,NULL,NULL,NULL,NULL,NULL,5,,2012-10-02 23:42:04.0115307 +08:00,,2012-10-13 23:40:20.6569278 +08:00,0x0000000000B7FDBA
8008cb69-3a72-4a35-8199-e0b73b2bf53f,a2656a9a-3b8e-4ef6-a5e0-e49e74cc00ce,1,cmsUpLoadNews_m,cmsUpLoadNews_m,消息推送主表,NULL,cmsUpLoadNews_m,NULL,NULL,0,NULL,cmsUpLoadNews_m_Action,NULL,1,295e169d-cf86-4077-b8a9-4c5ec42b565d,2014-12-20 19:46:36.9300863 +08:00,295e169d-cf86-4077-b8a9-4c5ec42b565d,2019-03-02 08:05:01.3453298 +08:00,0x00000000022B7B21
824f8a2a-b1fa-4ee9-a0e9-145bf7170e34,fd328caa-9c10-4b38-912c-4e36d6d6611b,1,cmsPayReBatch_d,cmsPayReBatch_d,退款执行明细,NULL,cmsPayReBatch_d,NULL,NULL,0,NULL,cmsPayReBatch_d_Action,NULL,7,295e169d-cf86-4077-b8a9-4c5ec42b565d,2016-11-20 13:39:32.5708613 +08:00,295e169d-cf86-4077-b8a9-4c5ec42b565d,2016-11-20 13:40:00.1804130 +08:00,0x00000000013A352C
82c4f5f6-2a39-40c5-be35-5edb82b7dec6,f0af8996-c5e5-4642-8794-4d4dc7a58d81,1,cmsArticlePartyFiles,cmsArticlePartyFiles,文档,NULL,springFileList,NULL,NULL,1,462a55ca-a1a6-4157-810e-b0d34387474e,springFileList_Action,NULL,2,295e169d-cf86-4077-b8a9-4c5ec42b565d,2015-02-10 12:28:13.6622690 +08:00,624c460c-aa32-4f56-850b-3f08fd4848bf,2019-11-04 15:00:38.2361483 +08:00,0x00000000022FCC38
8633e34a-87a1-44ca-8d59-3a6924f59388,af4fa737-fa85-4632-bde8-f6e7975420ea,0,网站频道[type=1001],NULL,NULL,NULL,NULL,NULL,NULL,0,NULL,NULL,NULL,2,295e169d-cf86-4077-b8a9-4c5ec42b565d,2015-07-18 11:29:39.6351527 +08:00,295e169d-cf86-4077-b8a9-4c5ec42b565d,2015-07-18 11:33:31.5874656 +08:00,0x00000000022A61FC
867d06c2-f244-40fa-9c1a-f831b6255ba2,74e54bac-48a5-41c9-b38d-795570f6da61,1,cmsLog,cmsLog,社交网站消息日志,NULL,cmsLog,NULL,NULL,0,NULL,cmsLog_Action,NULL,1,295e169d-cf86-4077-b8a9-4c5ec42b565d,2014-03-07 11:57:22.0127152 +08:00,d938fa32-b8f3-4517-b6bc-3856c73ac19b,2014-05-09 18:04:23.3325297 +08:00,0x000000000007D822
88b84eb1-d97e-4e75-a5ad-8f19a4a4571c,db4a476d-25a2-47b3-9e4f-ca010b2094c9,1,cmsArticle,Article,文章表,NULL,cmsArticle,NULL,NULL,1,462a55ca-a1a6-4157-810e-b0d34387474e,cmsArticle_Action,NULL,3,77dec868-d001-4790-b6a4-0fa8df9a39f9,2012-12-24 10:07:23.2781739 +08:00,295e169d-cf86-4077-b8a9-4c5ec42b565d,2015-07-20 05:48:26.0927512 +08:00,0x000000000214ACD1
8c810340-4046-4fb7-bdb8-59952b0edd29,74e54bac-48a5-41c9-b38d-795570f6da61,1,cmsAccessStatistics,cmsAccessStatistics,访问日志,NULL,cmsAccessStatistics,NULL,NULL,0,NULL,cmsAccessStatistics_Action,NULL,2,d938fa32-b8f3-4517-b6bc-3856c73ac19b,2014-05-09 18:00:12.7501972 +08:00,d938fa32-b8f3-4517-b6bc-3856c73ac19b,2014-05-09 18:04:30.4579372 +08:00,0x00000000000FB38F
8d836747-8e5e-4c07-b78c-c11369726124,NULL,0,网站管理,网站管理,NULL,NULL,NULL,NULL,NULL,0,NULL,NULL,NULL,2,77dec868-d001-4790-b6a4-0fa8df9a39f9,2012-12-14 20:15:46.1651595 +08:00,77dec868-d001-4790-b6a4-0fa8df9a39f9,2012-12-14 20:15:46.1651595 +08:00,0x0000000000339BF5
8edc8449-cdf5-43bc-97e3-de321f3ad454,d4045b7a-9c79-4512-bdc0-33c8524bb559,1,cmsServer_Html,cmsServer_Html,服务体系,NULL,cmsHtml,type,1004,1,462a55ca-a1a6-4157-810e-b0d34387474e,cmsHtml_Action,NULL,1,47c0bf38-8e92-43ea-8cfe-e3a7a7991e17,2019-03-21 16:13:39.5460924 +08:00,47c0bf38-8e92-43ea-8cfe-e3a7a7991e17,2019-03-21 16:13:39.5460924 +08:00,0x00000000022BA38D
92db2973-d34e-422b-9f42-735a6e95b843,f0eff541-4e35-4ef5-a5ae-7df2df3f05ea,0,文档,文档,NULL,NULL,NULL,NULL,NULL,0,NULL,NULL,NULL,16,77dec868-d001-4790-b6a4-0fa8df9a39f9,2012-12-14 20:12:19.1374709 +08:00,77dec868-d001-4790-b6a4-0fa8df9a39f9,2012-12-14 20:12:19.1374709 +08:00,0x0000000000B7FDBB
947e34a4-ea3d-4d0b-b3da-f2c748736e12,b4e90c32-cdc5-4e3c-b779-7e3546502bfd,0,产品分类,NULL,NULL,NULL,NULL,NULL,NULL,0,NULL,NULL,NULL,6,24597ceb-8ffb-46a5-96c0-4d173393bb5c,2019-06-25 15:22:21.1058101 +08:00,624c460c-aa32-4f56-850b-3f08fd4848bf,2019-11-04 15:01:47.2722247 +08:00,0x00000000022FCC3B
97e5c30a-cc50-41f1-86c4-55177de3679a,6062c534-a5ba-4130-afd9-eced8a3841f6,0,消息管理,NULL,NULL,NULL,问答记录,NULL,NULL,0,NULL,问答记录_Action,NULL,5,295e169d-cf86-4077-b8a9-4c5ec42b565d,2014-12-28 17:24:00.9085776 +08:00,295e169d-cf86-4077-b8a9-4c5ec42b565d,2014-12-28 19:54:53.6705301 +08:00,0x00000000022B7C9F
97f50ef8-97a0-43a6-8e17-0c99f5e6732a,48f9d199-f5e6-4296-b7f2-115ff7c123e9,1,cmsSocialUser_1,cmsSocialUser_1,用户,NULL,cmsSocialUser,NULL,NULL,0,NULL,cmsSocialUser_Action,NULL,2,295e169d-cf86-4077-b8a9-4c5ec42b565d,2014-12-21 17:20:14.1029384 +08:00,295e169d-cf86-4077-b8a9-4c5ec42b565d,2019-03-02 08:15:01.3785762 +08:00,0x00000000022B7C6D
9f7cddae-40c3-4ca9-b74a-f86bbee4a75c,f0eff541-4e35-4ef5-a5ae-7df2df3f05ea,1,springSp,NULL,存储过程,NULL,springSp,NULL,NULL,0,NULL,NULL,NULL,12,,2012-09-27 20:16:28.1395416 +08:00,,2012-10-18 06:11:32.9272970 +08:00,0x0000000000B7FDBC
a22bbd72-9184-4f3c-91c9-90eab858a4ea,0bd7f7ab-b7e4-4c5e-9c40-873825b55681,1,cmsSocialAnswers,cmsSocialAnswers,应答信息表,NULL,cmsSocialAnswers,NULL,NULL,0,NULL,cmsSocialAnswers_Action,NULL,1,295e169d-cf86-4077-b8a9-4c5ec42b565d,2014-11-29 20:46:36.6198987 +08:00,295e169d-cf86-4077-b8a9-4c5ec42b565d,2014-11-29 20:46:36.6198987 +08:00,0x00000000022B7B4B
a2656a9a-3b8e-4ef6-a5e0-e49e74cc00ce,aab8e5ea-b013-4f80-9265-5b4d69dcb4c4,0,消息推送,NULL,NULL,NULL,NULL,NULL,NULL,0,NULL,NULL,NULL,3,295e169d-cf86-4077-b8a9-4c5ec42b565d,2014-12-19 22:08:45.1740471 +08:00,295e169d-cf86-4077-b8a9-4c5ec42b565d,2014-12-19 22:09:03.2147789 +08:00,0x00000000022B7B47
a6767281-7316-4cba-80df-a34bd62c77e6,77721d6d-01fc-4b80-a316-7f6d07549542,1,cmsTemplet,cmsTemplet,网站模板,NULL,cmsTemplet,NULL,NULL,0,NULL,cmsTemplet_Action,NULL,2,d938fa32-b8f3-4517-b6bc-3856c73ac19b,2014-03-30 17:39:18.9271643 +08:00,295e169d-cf86-4077-b8a9-4c5ec42b565d,2016-01-22 21:33:22.5352429 +08:00,0x00000000004E714A
a710a5b0-8aa3-4cbf-b397-d62a9e7d4621,350df3dc-2194-430b-bd29-af1db53cc5b3,1,cmsArticle_Html,cmsArticle_Html,文章网页,NULL,cmsHtml,type,1002,1,462a55ca-a1a6-4157-810e-b0d34387474e,cmsHtml_Action,NULL,1,295e169d-cf86-4077-b8a9-4c5ec42b565d,2015-09-08 20:31:55.5631823 +08:00,295e169d-cf86-4077-b8a9-4c5ec42b565d,2016-12-05 13:44:11.7995692 +08:00,0x0000000000F23140
aab8e5ea-b013-4f80-9265-5b4d69dcb4c4,NULL,0,社交频道,NULL,NULL,NULL,NULL,NULL,NULL,0,NULL,NULL,NULL,4,295e169d-cf86-4077-b8a9-4c5ec42b565d,2014-02-28 10:02:40.2826564 +08:00,295e169d-cf86-4077-b8a9-4c5ec42b565d,2014-02-28 10:03:09.2293121 +08:00,0x0000000000339BF6
ab52cd17-e597-4c87-a26c-f72ef9c6aeb9,f17b01d7-4d9e-4f30-b727-63803d48b0f0,1,cmsArticleBrand,cmsArticleBrand,品牌工程,NULL,cmsArticle,NULL,NULL,1,462a55ca-a1a6-4157-810e-b0d34387474e,cmsArticle_Action,NULL,1,295e169d-cf86-4077-b8a9-4c5ec42b565d,2015-06-06 11:33:25.7872888 +08:00,624c460c-aa32-4f56-850b-3f08fd4848bf,2019-11-04 14:55:01.3921560 +08:00,0x00000000022FCB69
ae88dffe-cd62-4129-9ee8-10a740590a74,7ab4b54a-3a4f-4056-b21f-d25d71db3b80,1,cmsKeywords,cmsKeywords,关键词,NULL,cmsKeywords,NULL,NULL,0,NULL,cmsKeywords_Action,NULL,1,295e169d-cf86-4077-b8a9-4c5ec42b565d,2015-07-18 08:52:15.1568563 +08:00,295e169d-cf86-4077-b8a9-4c5ec42b565d,2015-07-18 08:52:15.1568563 +08:00,0x000000000019834F
af4fa737-fa85-4632-bde8-f6e7975420ea,NULL,0,网页管理,NULL,NULL,NULL,NULL,NULL,NULL,0,NULL,NULL,NULL,5,d938fa32-b8f3-4517-b6bc-3856c73ac19b,2014-06-06 23:46:25.7005587 +08:00,d938fa32-b8f3-4517-b6bc-3856c73ac19b,2014-06-06 23:46:25.7005587 +08:00,0x00000000022A61F8
af6e34a2-e87e-48e0-9ac9-7cc2d2b74b32,31b4ade8-5f03-46e4-bdad-262b0974f787,1,cmsChannelUser,cmsChannelUser,用户导航,NULL,cmsChannelUser,NULL,NULL,0,NULL,cmsChannelUser_Action,NULL,4,295e169d-cf86-4077-b8a9-4c5ec42b565d,2016-01-19 18:18:04.7936533 +08:00,295e169d-cf86-4077-b8a9-4c5ec42b565d,2016-01-19 18:18:04.7936533 +08:00,0x00000000004E40A4
b1f6f12e-5d3d-49dc-be1e-322430147f30,e1bf62a8-471b-4adf-84cc-6732b0d5893f,0,新闻资讯,NULL,NULL,NULL,NULL,NULL,NULL,0,NULL,NULL,NULL,4,24597ceb-8ffb-46a5-96c0-4d173393bb5c,2019-06-25 11:09:15.7603089 +08:00,624c460c-aa32-4f56-850b-3f08fd4848bf,2019-11-04 14:57:50.9660475 +08:00,0x00000000022FCBCA
b4e90c32-cdc5-4e3c-b779-7e3546502bfd,e1bf62a8-471b-4adf-84cc-6732b0d5893f,0,数据管理,NULL,NULL,NULL,NULL,NULL,NULL,0,NULL,NULL,NULL,9,24597ceb-8ffb-46a5-96c0-4d173393bb5c,2019-06-25 17:44:55.5051016 +08:00,1e670c58-9bc3-4f49-9cc0-c9cc064d782a,2019-08-12 17:04:43.2053776 +08:00,0x00000000022FCC3A
b6372bcc-7877-4829-ad76-08e4a74cabbc,2e8a16e0-66c4-4b74-b4b5-b4555a5137d5,1,cmsArticleContactFile,cmsArticleContactFile,文件,NULL,springFileList,NULL,NULL,1,462a55ca-a1a6-4157-810e-b0d34387474e,springFileList_Action,NULL,2,295e169d-cf86-4077-b8a9-4c5ec42b565d,2015-11-07 13:09:24.0095585 +08:00,24597ceb-8ffb-46a5-96c0-4d173393bb5c,2019-06-25 10:32:56.1223104 +08:00,0x00000000022CC371
b674ed60-e665-489f-84c3-c0a5b5a7fa75,NULL,0,数据集成管理,NULL,NULL,NULL,NULL,NULL,NULL,0,NULL,NULL,NULL,7,295e169d-cf86-4077-b8a9-4c5ec42b565d,2019-01-04 20:32:24.8789457 +08:00,295e169d-cf86-4077-b8a9-4c5ec42b565d,2019-01-04 20:32:24.8789457 +08:00,0x00000000022B5DE4
b71a8028-6afe-4957-a045-186faf3133e0,af4fa737-fa85-4632-bde8-f6e7975420ea,1,cmsHtml,cmsHtml,网页描述,NULL,cmsHtml,type,-1,0,NULL,cmsHtml_Action,NULL,1,d938fa32-b8f3-4517-b6bc-3856c73ac19b,2014-06-06 23:46:48.3558545 +08:00,d938fa32-b8f3-4517-b6bc-3856c73ac19b,2014-06-07 09:01:31.5065007 +08:00,0x000000000009130C
bb0dd33f-da18-463f-8bf0-c988c1610f0e,b4e90c32-cdc5-4e3c-b779-7e3546502bfd,1,cmsProduct_d,cmsProduct_d,监护人,NULL,cmsProduct_d,NULL,NULL,1,462a55ca-a1a6-4157-810e-b0d34387474e,cmsProduct_d_Action,NULL,2,24597ceb-8ffb-46a5-96c0-4d173393bb5c,2019-06-25 17:50:06.7415678 +08:00,1e670c58-9bc3-4f49-9cc0-c9cc064d782a,2019-08-12 18:43:36.3678650 +08:00,0x00000000022D582E
bf7c1cf4-b089-4ce1-81b6-aa678c1975d2,fd328caa-9c10-4b38-912c-4e36d6d6611b,1,cmsPayUser,cmsPayUser,付款给个人,NULL,cmsPayUser,NULL,NULL,0,NULL,cmsPayUser_Action,NULL,9,295e169d-cf86-4077-b8a9-4c5ec42b565d,2018-11-13 21:52:10.0968948 +08:00,295e169d-cf86-4077-b8a9-4c5ec42b565d,2018-11-13 21:52:10.0968948 +08:00,0x00000000022A5256
c25936bd-d6ec-43ab-926d-931991ad95da,7ab4b54a-3a4f-4056-b21f-d25d71db3b80,1,cmsKeywordsLink,cmsKeywordsLink,关键词关联,NULL,cmsKeywordsLink,NULL,NULL,0,NULL,cmsKeywordsLink_Action,NULL,2,295e169d-cf86-4077-b8a9-4c5ec42b565d,2015-07-18 09:02:09.4839176 +08:00,295e169d-cf86-4077-b8a9-4c5ec42b565d,2015-07-18 09:02:09.4839176 +08:00,0x000000000019835C
c5a48c9c-0a3f-4dea-92d4-0cd466bc879c,17f82eee-023c-44e1-9727-c2777b393ac3,1,cmsArticleBusinessFiles,cmsArticleBusinessFiles,文件,NULL,springFileList,NULL,NULL,1,462a55ca-a1a6-4157-810e-b0d34387474e,springFileList_Action,NULL,2,295e169d-cf86-4077-b8a9-4c5ec42b565d,2018-02-19 13:14:25.8095398 +08:00,624c460c-aa32-4f56-850b-3f08fd4848bf,2019-11-04 14:16:55.1209847 +08:00,0x00000000022FC901
c6aa73b6-780b-48cb-9f99-104dad44d34d,e1bf62a8-471b-4adf-84cc-6732b0d5893f,0,文章扩展,NULL,NULL,NULL,NULL,NULL,NULL,0,NULL,NULL,NULL,8,295e169d-cf86-4077-b8a9-4c5ec42b565d,2015-08-11 12:36:29.0630029 +08:00,295e169d-cf86-4077-b8a9-4c5ec42b565d,2018-11-21 17:14:52.1546641 +08:00,0x00000000022FCBCE
c6be6d56-4956-421b-81c1-c6a7eb7e27b2,f0eff541-4e35-4ef5-a5ae-7df2df3f05ea,1,springTbSpSetup,TbSpSetup,存储过程生成设置,NULL,springTbSpSetup,NULL,NULL,0,NULL,NULL,NULL,11,,2012-10-25 09:09:04.7737687 +08:00,,2012-10-25 09:09:04.7737687 +08:00,0x0000000000B7FDBD
c8316b04-32bb-47fd-9d8d-1b91f6a49001,db4a476d-25a2-47b3-9e4f-ca010b2094c9,1,cmsArticleList,ArticleList,文章描述查询,NULL,cmsArticle,NULL,NULL,1,462a55ca-a1a6-4157-810e-b0d34387474e,cmsArticle_Action,NULL,4,77dec868-d001-4790-b6a4-0fa8df9a39f9,2012-12-29 17:29:21.1148373 +08:00,295e169d-cf86-4077-b8a9-4c5ec42b565d,2015-07-20 05:48:30.6986241 +08:00,0x000000000214ACD2
ca57de7d-7f79-4951-89f5-50fe8f34875b,ed18688a-b8e9-469b-a25f-37d0ca946663,1,springFdList_m_View,FdList_m_View,值列表查询,NULL,springFdList_m_View,NULL,NULL,0,NULL,springFdList_m_Action,NULL,1,77dec868-d001-4790-b6a4-0fa8df9a39f9,2012-11-11 06:09:07.2442899 +08:00,77dec868-d001-4790-b6a4-0fa8df9a39f9,2012-11-11 06:19:50.5400802 +08:00,0x0000000000B7FDCC
ca69622d-e586-413b-9b90-aa1ccddaf668,2e8a16e0-66c4-4b74-b4b5-b4555a5137d5,1,cmsArticleContact,cmsArticleContact,文章,NULL,cmsArticle,NULL,NULL,1,462a55ca-a1a6-4157-810e-b0d34387474e,cmsArticle_Action,NULL,1,295e169d-cf86-4077-b8a9-4c5ec42b565d,2015-11-07 13:08:47.3569055 +08:00,24597ceb-8ffb-46a5-96c0-4d173393bb5c,2019-06-25 10:03:20.7942006 +08:00,0x00000000022CC368
cedc6715-bbb5-4510-b92d-5e8024f6220c,74e54bac-48a5-41c9-b38d-795570f6da61,1,cmsAccessStatisticsLog,cmsAccessStatisticsLog,内容统计临时表,NULL,cmsAccessStatisticsLog,NULL,NULL,0,NULL,cmsAccessStatisticsLog_Action,NULL,3,295e169d-cf86-4077-b8a9-4c5ec42b565d,2015-08-27 08:15:32.9427282 +08:00,295e169d-cf86-4077-b8a9-4c5ec42b565d,2015-08-27 08:15:32.9427282 +08:00,0x00000000001BADF2
cffd4607-cc6c-496f-bd3a-9acff0b43bd1,6062c534-a5ba-4130-afd9-eced8a3841f6,1,cmsSocialChannel_1,cmsSocialChannel_1,微信频道菜单,NULL,cmsSocialChannel,type,1,0,NULL,cmsSocialChannel_Action,NULL,2,295e169d-cf86-4077-b8a9-4c5ec42b565d,2014-02-28 09:35:47.1353897 +08:00,295e169d-cf86-4077-b8a9-4c5ec42b565d,2014-02-28 17:17:55.0595870 +08:00,0x00000000022B7C9C
d0fbcd82-ad18-4fc3-a505-8e7d66e82843,77721d6d-01fc-4b80-a316-7f6d07549542,1,cmsSite,Site,站点管理表,NULL,cmsSite,NULL,NULL,1,NULL,cmsSite_Action,NULL,1,77dec868-d001-4790-b6a4-0fa8df9a39f9,2012-12-14 23:53:44.5260488 +08:00,295e169d-cf86-4077-b8a9-4c5ec42b565d,2016-01-22 21:33:14.1060509 +08:00,0x00000000004E7140
d3938bf8-a2c7-4e6e-bbcc-3b73f064977a,c6aa73b6-780b-48cb-9f99-104dad44d34d,1,cmsArticle_Dimension1,cmsArticle_Dimension1,扩展参数表1[模版表],NULL,dimensionEdit,NULL,NULL,0,NULL,dimensionEdit_Action,NULL,3,295e169d-cf86-4077-b8a9-4c5ec42b565d,2015-08-11 12:37:40.0628689 +08:00,295e169d-cf86-4077-b8a9-4c5ec42b565d,2016-01-27 17:18:31.6264548 +08:00,0x00000000004EB5FF
d4045b7a-9c79-4512-bdc0-33c8524bb559,af4fa737-fa85-4632-bde8-f6e7975420ea,0,服务体系[type=1004],NULL,NULL,NULL,NULL,NULL,NULL,0,NULL,NULL,NULL,4,47c0bf38-8e92-43ea-8cfe-e3a7a7991e17,2019-03-21 16:11:43.2042811 +08:00,47c0bf38-8e92-43ea-8cfe-e3a7a7991e17,2019-03-21 16:12:01.1070066 +08:00,0x00000000022FCE5E
d4a68e5c-fadb-422e-bb1e-0b46d5aec873,3ffbebff-0f86-4c94-b448-681d6cc84a51,1,cmsArticleUIWorks,cmsArticleUIWorks,UI信息门户-UI作品,UI Works,cmsArticle,NULL,NULL,1,462a55ca-a1a6-4157-810e-b0d34387474e,cmsArticle_Action,NULL,1,295e169d-cf86-4077-b8a9-4c5ec42b565d,2015-02-06 12:29:15.4080412 +08:00,295e169d-cf86-4077-b8a9-4c5ec42b565d,2015-07-20 05:48:20.4960630 +08:00,0x0000000000198A4B
d5d63df4-ee90-4bb1-a780-206cf7ae1dc6,947e34a4-ea3d-4d0b-b3da-f2c748736e12,1,cmsProClassify,cmsProClassify,产品分类,NULL,cmsProClassify,NULL,NULL,1,462a55ca-a1a6-4157-810e-b0d34387474e,cmsProClassify_Action,NULL,1,24597ceb-8ffb-46a5-96c0-4d173393bb5c,2019-06-25 15:22:56.1373170 +08:00,24597ceb-8ffb-46a5-96c0-4d173393bb5c,2019-06-25 15:22:56.1373170 +08:00,0x00000000022CC534
d601a9f0-0c93-4b4e-b817-0463da45ffa1,fd328caa-9c10-4b38-912c-4e36d6d6611b,1,cmsPayReHistory,cmsPayReHistory,退款单历史记录,NULL,cmsPayReHistory,NULL,NULL,0,NULL,cmsPayReHistory_Action,NULL,4,295e169d-cf86-4077-b8a9-4c5ec42b565d,2016-11-20 11:24:53.4961689 +08:00,295e169d-cf86-4077-b8a9-4c5ec42b565d,2016-11-20 11:24:53.4961689 +08:00,0x00000000013A34F6
d6489787-c4e6-4c6c-a67e-1972bbc58e99,49979ce8-f5c1-4239-a511-a88ce640a446,1,cmsParameter_Article,cmsParameter_Article,文章,NULL,cmsArticle,NULL,NULL,1,462a55ca-a1a6-4157-810e-b0d34387474e,cmsArticle_Action,NULL,1,295e169d-cf86-4077-b8a9-4c5ec42b565d,2015-03-30 18:44:50.5437227 +08:00,295e169d-cf86-4077-b8a9-4c5ec42b565d,2015-09-26 20:40:58.1826097 +08:00,0x000000000026B44F
d71f81cf-eee2-4cbd-a19c-4bd022f1b9af,aab8e5ea-b013-4f80-9265-5b4d69dcb4c4,1,cmsSocialChannel,cmsSocialChannel,社交频道菜单表,NULL,cmsSocialChannel,NULL,NULL,0,NULL,cmsSocialChannel_Action,NULL,1,295e169d-cf86-4077-b8a9-4c5ec42b565d,2014-02-28 09:45:39.6282783 +08:00,295e169d-cf86-4077-b8a9-4c5ec42b565d,2014-02-28 10:03:43.2912603 +08:00,0x00000000022B7B45
d8eca430-96d6-44ec-b893-3aab52f418f6,6062c534-a5ba-4130-afd9-eced8a3841f6,0,消息推送,NULL,NULL,NULL,NULL,NULL,NULL,0,NULL,NULL,NULL,4,295e169d-cf86-4077-b8a9-4c5ec42b565d,2014-12-20 21:24:16.0527945 +08:00,295e169d-cf86-4077-b8a9-4c5ec42b565d,2014-12-21 15:04:46.5539511 +08:00,0x00000000022B7C9E
d8efd150-0f94-4ad8-b5ac-90244df315b9,b4e90c32-cdc5-4e3c-b779-7e3546502bfd,1,cmsProduct_Rel,cmsProduct_Rel,关联表,NULL,cmsProduct_Rel,NULL,NULL,0,NULL,cmsProduct_Rel_Action,NULL,3,24597ceb-8ffb-46a5-96c0-4d173393bb5c,2019-07-08 09:22:30.0315146 +08:00,24597ceb-8ffb-46a5-96c0-4d173393bb5c,2019-07-08 09:22:30.0315146 +08:00,0x00000000022D18D1
db4a476d-25a2-47b3-9e4f-ca010b2094c9,8d836747-8e5e-4c07-b78c-c11369726124,0,文章,NULL,NULL,NULL,NULL,NULL,NULL,0,NULL,NULL,NULL,3,295e169d-cf86-4077-b8a9-4c5ec42b565d,2013-06-04 19:11:40.4354523 +08:00,295e169d-cf86-4077-b8a9-4c5ec42b565d,2013-06-04 19:11:40.4354523 +08:00,0x00000000022A6236
de805737-ed30-4f99-a936-c903e739ab58,8d836747-8e5e-4c07-b78c-c11369726124,1,springArea,springArea,地域,NULL,springArea,NULL,NULL,0,NULL,springArea_Action,NULL,8,1e670c58-9bc3-4f49-9cc0-c9cc064d782a,2019-08-12 15:29:27.6458166 +08:00,1e670c58-9bc3-4f49-9cc0-c9cc064d782a,2019-08-12 15:29:27.6458166 +08:00,0x00000000022D492A
e1bf62a8-471b-4adf-84cc-6732b0d5893f,NULL,0,文章管理,NULL,NULL,NULL,NULL,NULL,NULL,0,NULL,NULL,NULL,6,295e169d-cf86-4077-b8a9-4c5ec42b565d,2018-11-21 17:13:44.0765269 +08:00,295e169d-cf86-4077-b8a9-4c5ec42b565d,2018-11-21 17:13:44.0765269 +08:00,0x00000000022A6204
e3b57b35-4b66-4fcc-8aee-dbd39fc3aaeb,d8eca430-96d6-44ec-b893-3aab52f418f6,1,cmsUpLoadNews_d_1,cmsUpLoadNews_d_1,子表,NULL,cmsUpLoadNews_d,NULL,NULL,0,NULL,cmsUpLoadNews_d_Action,NULL,2,295e169d-cf86-4077-b8a9-4c5ec42b565d,2014-12-20 21:33:40.4232925 +08:00,295e169d-cf86-4077-b8a9-4c5ec42b565d,2014-12-20 21:33:58.5089479 +08:00,0x00000000000C3A1E
e4e0bde1-9e20-457d-8f2f-ea845c76fde9,b674ed60-e665-489f-84c3-c0a5b5a7fa75,1,innerMsgBack,innerMsgBack,已执行消息,NULL,innerMsgBack,NULL,NULL,0,NULL,innerMsgBack_Action,NULL,2,295e169d-cf86-4077-b8a9-4c5ec42b565d,2017-04-19 21:46:03.4059747 +08:00,295e169d-cf86-4077-b8a9-4c5ec42b565d,2017-04-19 21:46:03.4059747 +08:00,0x00000000022B5DF3
e5f25351-1497-4aab-8815-08bf98fd86e4,7ab4b54a-3a4f-4056-b21f-d25d71db3b80,1,cmsKeywordsTbRel,cmsKeywordsTbRel,关键词表关联,NULL,cmsKeywordsTbRel,NULL,NULL,0,NULL,cmsKeywordsTbRel_Action,NULL,3,295e169d-cf86-4077-b8a9-4c5ec42b565d,2015-07-18 09:10:51.9170642 +08:00,295e169d-cf86-4077-b8a9-4c5ec42b565d,2015-07-18 09:10:51.9170642 +08:00,0x0000000000198371
e78c9109-3fec-40be-a6a7-8df4d81c23f1,92db2973-d34e-422b-9f42-735a6e95b843,1,springFilePath,FilePath,文件目录,NULL,springFilePath,NULL,NULL,0,NULL,springFilePath_Action,NULL,1,77dec868-d001-4790-b6a4-0fa8df9a39f9,2012-12-12 11:49:37.7973067 +08:00,77dec868-d001-4790-b6a4-0fa8df9a39f9,2012-12-13 00:33:03.5664611 +08:00,0x000000000000091A
e8053620-dab0-4d72-a786-e0dac55afec7,0e0a8d1e-a542-4e33-8074-fa8bd58d97e4,1,cmsSocialWeiXinTemp_d,cmsSocialWeiXinTemp_d,定义子表,NULL,cmsSocialWeiXinTemp_d,NULL,NULL,0,NULL,cmsSocialWeiXinTemp_d_Action,NULL,2,295e169d-cf86-4077-b8a9-4c5ec42b565d,2018-05-27 11:17:22.0268673 +08:00,295e169d-cf86-4077-b8a9-4c5ec42b565d,2018-05-27 11:19:09.9956173 +08:00,0x00000000022B7D03
e807a0b8-16ea-419d-90d2-9ac6f61f8a4a,7ab4b54a-3a4f-4056-b21f-d25d71db3b80,1,cmsKeywordsSeek,cmsKeywordsSeek,搜索历史表,NULL,cmsKeywordsSeek,NULL,NULL,0,NULL,cmsKeywordsSeek_Action,NULL,4,295e169d-cf86-4077-b8a9-4c5ec42b565d,2015-09-13 08:01:57.6523270 +08:00,295e169d-cf86-4077-b8a9-4c5ec42b565d,2015-09-13 08:01:57.6523270 +08:00,0x00000000001BCA48
eb4c277f-504e-467f-a032-9c4a48b30c0a,fd328caa-9c10-4b38-912c-4e36d6d6611b,1,cmsPay,cmsPay,付款单,NULL,cmsPay,NULL,NULL,0,NULL,cmsPay_Action,NULL,1,295e169d-cf86-4077-b8a9-4c5ec42b565d,2015-07-26 07:40:42.8517620 +08:00,295e169d-cf86-4077-b8a9-4c5ec42b565d,2016-12-17 16:53:10.4200282 +08:00,0x00000000013A348E
eba651d5-1763-49c6-8255-680535683437,fd328caa-9c10-4b38-912c-4e36d6d6611b,1,cmsPayReBatch,cmsPayReBatch,退款执行批号,NULL,cmsPayReBatch,NULL,NULL,0,NULL,cmsPayReBatch_Action,NULL,6,295e169d-cf86-4077-b8a9-4c5ec42b565d,2016-11-20 13:38:18.1328849 +08:00,295e169d-cf86-4077-b8a9-4c5ec42b565d,2016-11-20 13:38:35.3361200 +08:00,0x00000000013A351D
ed18688a-b8e9-469b-a25f-37d0ca946663,f0eff541-4e35-4ef5-a5ae-7df2df3f05ea,0,查询,查询,NULL,NULL,NULL,NULL,NULL,0,NULL,NULL,NULL,15,77dec868-d001-4790-b6a4-0fa8df9a39f9,2013-03-20 18:47:31.7704576 +08:00,77dec868-d001-4790-b6a4-0fa8df9a39f9,2013-03-20 18:47:31.7704576 +08:00,0x0000000000B7FDBE
ee242573-872c-4c98-8e2d-987740de5806,97e5c30a-cc50-41f1-86c4-55177de3679a,1,cmsSocialAskUser_1,cmsSocialAskUser_1,问答人员,NULL,cmsSocialAskUser,userType,1,0,NULL,cmsSocialAskUser_Action,NULL,1,295e169d-cf86-4077-b8a9-4c5ec42b565d,2014-12-28 17:24:58.0406542 +08:00,295e169d-cf86-4077-b8a9-4c5ec42b565d,2014-12-28 17:27:56.9954622 +08:00,0x00000000022B7CA2
ee9d4710-a149-4423-b3d3-5668061e7e65,f0eff541-4e35-4ef5-a5ae-7df2df3f05ea,1,springFdList_rel,springFdList_rel,值列表关联,NULL,springFdList_rel_View,NULL,NULL,0,NULL,springFdList_rel_Action,NULL,6,295e169d-cf86-4077-b8a9-4c5ec42b565d,2016-03-19 10:59:05.8785565 +08:00,295e169d-cf86-4077-b8a9-4c5ec42b565d,2016-03-19 17:25:04.5401916 +08:00,0x0000000000B7FDBF
f0af8996-c5e5-4642-8794-4d4dc7a58d81,e1bf62a8-471b-4adf-84cc-6732b0d5893f,0,党的建设,NULL,NULL,NULL,NULL,NULL,NULL,0,NULL,NULL,NULL,5,295e169d-cf86-4077-b8a9-4c5ec42b565d,2015-02-10 12:26:09.0977500 +08:00,624c460c-aa32-4f56-850b-3f08fd4848bf,2019-11-04 14:59:48.4684845 +08:00,0x00000000022FCC36
f0eff541-4e35-4ef5-a5ae-7df2df3f05ea,NULL,0,数据模型,数据模型,数据模型,NULL,NULL,NULL,NULL,0,NULL,NULL,NULL,1,77dec868-d001-4790-b6a4-0fa8df9a39f9,2012-12-14 19:34:11.5790086 +08:00,77dec868-d001-4790-b6a4-0fa8df9a39f9,2013-04-04 21:08:27.5458936 +08:00,0x0000000000339BF8
f11e3bbb-9592-4462-918b-168bbcc56c7c,f0eff541-4e35-4ef5-a5ae-7df2df3f05ea,1,springTranslation,NULL,翻译表,NULL,springTranslation,NULL,NULL,NULL,NULL,NULL,NULL,14,,2012-10-12 00:18:18.4934851 +08:00,,2012-10-13 23:40:20.6599280 +08:00,0x0000000000B7FDC0
f1446ddf-e3e3-431f-b8e4-1adf4c76968b,a2656a9a-3b8e-4ef6-a5e0-e49e74cc00ce,1,cmsUpLoadNews_d,cmsUpLoadNews_d,消息推送子表,NULL,cmsUpLoadNews_d,NULL,NULL,0,NULL,cmsUpLoadNews_d_Action,NULL,2,295e169d-cf86-4077-b8a9-4c5ec42b565d,2014-12-20 19:47:12.5681735 +08:00,295e169d-cf86-4077-b8a9-4c5ec42b565d,2014-12-20 19:47:12.5681735 +08:00,0x00000000000C3502
f14ffc78-3302-4901-a3fc-7b0ef59329df,7ab4b54a-3a4f-4056-b21f-d25d71db3b80,1,cmsArticleTag_View,cmsArticleTag_View,新闻Tag页,NULL,cmsArticle,NULL,NULL,0,NULL,cmsArticle_Action,NULL,6,295e169d-cf86-4077-b8a9-4c5ec42b565d,2015-10-17 10:31:51.0210951 +08:00,295e169d-cf86-4077-b8a9-4c5ec42b565d,2015-10-19 22:53:51.4235612 +08:00,0x000000000027EA49
f17b01d7-4d9e-4f30-b727-63803d48b0f0,e1bf62a8-471b-4adf-84cc-6732b0d5893f,0,经典案例,NULL,NULL,NULL,NULL,NULL,NULL,0,NULL,NULL,NULL,2,295e169d-cf86-4077-b8a9-4c5ec42b565d,2015-09-12 12:17:40.6367119 +08:00,624c460c-aa32-4f56-850b-3f08fd4848bf,2019-11-04 14:54:42.3677842 +08:00,0x00000000022FCBC8
f1a8226d-e9dd-449d-bcc1-ed3334f2375f,8633e34a-87a1-44ca-8d59-3a6924f59388,1,cmsChannel_Html_Files,cmsChannel_Html_Files,频道网页文件,NULL,springFileList,NULL,NULL,1,462a55ca-a1a6-4157-810e-b0d34387474e,springFileList_Action,NULL,2,295e169d-cf86-4077-b8a9-4c5ec42b565d,2015-07-18 11:34:56.8222446 +08:00,295e169d-cf86-4077-b8a9-4c5ec42b565d,2015-07-18 11:35:24.4620771 +08:00,0x00000000001984D5
f1ff2417-8050-4422-bf72-d3e197f35f49,31b4ade8-5f03-46e4-bdad-262b0974f787,1,cmsChannel,Channel,频道管理表,NULL,cmsChannel,NULL,NULL,0,NULL,cmsChannel_Action,NULL,1,77dec868-d001-4790-b6a4-0fa8df9a39f9,2012-12-14 20:39:27.9636135 +08:00,295e169d-cf86-4077-b8a9-4c5ec42b565d,2015-08-07 22:03:33.9937591 +08:00,0x00000000004E40A1
f275a76e-652e-4600-862c-0ae3d6c850b0,fd328caa-9c10-4b38-912c-4e36d6d6611b,1,cmsPayRe,cmsPayRe,退款单,NULL,cmsPayRe,NULL,NULL,0,NULL,cmsPayRe_Action,NULL,3,295e169d-cf86-4077-b8a9-4c5ec42b565d,2016-11-17 17:50:30.0972986 +08:00,295e169d-cf86-4077-b8a9-4c5ec42b565d,2016-11-17 17:50:40.5192403 +08:00,0x00000000013A34C5
f43329d4-ec44-47d2-b616-dc876f6cfbfb,0e0a8d1e-a542-4e33-8074-fa8bd58d97e4,1,cmsSocialWeiXinTempNews_d,cmsSocialWeiXinTempNews_d,实例子表,NULL,cmsSocialWeiXinTempNews_d,NULL,NULL,0,NULL,cmsSocialWeiXinTempNews_d_Action,NULL,4,295e169d-cf86-4077-b8a9-4c5ec42b565d,2018-05-27 11:21:00.6987423 +08:00,295e169d-cf86-4077-b8a9-4c5ec42b565d,2018-05-27 11:21:00.6987423 +08:00,0x00000000022B7D40
f561776b-4d34-4977-9561-48b99abd041d,af4fa737-fa85-4632-bde8-f6e7975420ea,0,关于我们网页扩展[type=1003],NULL,NULL,NULL,NULL,NULL,NULL,0,NULL,NULL,NULL,3,47c0bf38-8e92-43ea-8cfe-e3a7a7991e17,2019-03-21 14:24:01.8724224 +08:00,47c0bf38-8e92-43ea-8cfe-e3a7a7991e17,2019-03-21 14:24:01.8724224 +08:00,0x00000000022FCE5F
f7e594f2-cf6a-4d53-b200-ce1dc3fa5af0,b4e90c32-cdc5-4e3c-b779-7e3546502bfd,1,cmsProduct_Rel4,cmsProduct_Rel4,产品关联,NULL,cmsProduct_Rel,type,4,1,462a55ca-a1a6-4157-810e-b0d34387474e,cmsProduct_Rel_Action,NULL,5,24597ceb-8ffb-46a5-96c0-4d173393bb5c,2019-07-09 19:21:05.4094455 +08:00,24597ceb-8ffb-46a5-96c0-4d173393bb5c,2019-07-09 19:21:39.3244917 +08:00,0x00000000022D21F9
f9cdfe09-12c5-4053-aa81-f5a7474bb183,f0eff541-4e35-4ef5-a5ae-7df2df3f05ea,1,springFdList_m,NULL,值列表,NULL,springFdList_m,NULL,NULL,NULL,NULL,NULL,NULL,4,,2012-09-27 16:53:46.3283524 +08:00,,2012-10-13 23:40:20.6559278 +08:00,0x0000000000B7FDC1
fa1332f8-b592-4b7b-90e6-2ec71e03690c,2e8a16e0-66c4-4b74-b4b5-b4555a5137d5,1,cmsArticleRecru,cmsArticleRecru,人才招聘,NULL,cmsArticle,NULL,NULL,1,462a55ca-a1a6-4157-810e-b0d34387474e,cmsArticle_Action,NULL,3,624c460c-aa32-4f56-850b-3f08fd4848bf,2019-11-07 11:24:06.8214743 +08:00,624c460c-aa32-4f56-850b-3f08fd4848bf,2019-11-07 11:24:06.8214743 +08:00,0x00000000022FD47F
fa4e43db-c103-437c-bfc7-261a41a6cef8,db4a476d-25a2-47b3-9e4f-ca010b2094c9,1,cmsArticleType2,cmsArticleType2,文章扩展分类表,NULL,cmsArticleType2,type,0,0,NULL,cmsArticleType2_Action,为了对文章进行扩展条件分类，添加目标,2,295e169d-cf86-4077-b8a9-4c5ec42b565d,2015-07-29 16:58:01.2465169 +08:00,295e169d-cf86-4077-b8a9-4c5ec42b565d,2015-07-29 17:14:27.4649093 +08:00,0x000000000214ACD0
fd328caa-9c10-4b38-912c-4e36d6d6611b,NULL,0,支付管理,NULL,NULL,NULL,NULL,NULL,NULL,0,NULL,NULL,NULL,3,295e169d-cf86-4077-b8a9-4c5ec42b565d,2015-07-26 07:40:23.0248395 +08:00,295e169d-cf86-4077-b8a9-4c5ec42b565d,2017-01-31 23:11:33.4525571 +08:00,0x00000000011150C1
