sId,tbId,fdId,name,isTree,description,descriptionEn,copyId,mapTreeId,mapTreeLevel,addWhere,isTypeRel,remark,queue,createUser,createTime,modifyUser,modifyTime,sTamp
04cf53c5-0904-4f36-9d80-28c47ed73141,27335ebe-7710-45fe-a7a3-75157313cecc,b90181a4-e54a-4d60-b21d-60612fffb42a,tag,0,操作标识,NULL,NULL,NULL,NULL,NULL,0,NULL,1,295e169d-cf86-4077-b8a9-4c5ec42b565d,2019-01-07 12:10:56.0042424 +08:00,295e169d-cf86-4077-b8a9-4c5ec42b565d,2019-01-07 12:10:56.0042424 +08:00,0x00000000022B6BA8
0ebd9063-8fe2-46fe-bd34-b292a7db5401,9f7cddae-40c3-4ca9-b74a-f86bbee4a75c,0d678002-45bd-43db-b953-d89e0f9e9951,type,0,存储过程类型,NULL,NULL,NULL,NULL,NULL,NULL,NULL,1,,2012-10-08 08:15:56.3184226 +08:00,,2012-10-08 08:15:56.3184226 +08:00,0x00000000000008BF
10e7e0f0-1ed5-48db-ab92-7e82d21ee23c,bf7c1cf4-b089-4ce1-81b6-aa678c1975d2,2848563f-5cef-472d-b2b4-bfa354ee2f97,state,0,状态,NULL,NULL,NULL,NULL,NULL,0,NULL,2,295e169d-cf86-4077-b8a9-4c5ec42b565d,2018-11-13 22:11:56.7772272 +08:00,295e169d-cf86-4077-b8a9-4c5ec42b565d,2018-11-13 22:11:56.7772272 +08:00,0x00000000022A52D1
11fc552c-f02d-42f2-ae40-2340d3ae0292,bb0dd33f-da18-463f-8bf0-c988c1610f0e,bada33d0-3cb3-4d31-bd54-a34ee7a6faf8,int1,0,关系,NULL,NULL,NULL,NULL,NULL,0,NULL,1,1e670c58-9bc3-4f49-9cc0-c9cc064d782a,2019-08-12 18:44:25.9373466 +08:00,1e670c58-9bc3-4f49-9cc0-c9cc064d782a,2019-08-12 18:44:25.9373466 +08:00,0x00000000022D582F
13234d17-d98f-4d7b-95b5-07596755fa61,2bf50b7c-aeb8-4922-9f6f-0e20fe6963ea,8ae6ab03-592d-4a5f-badf-34793286266f,inout,0,问答类型,NULL,NULL,NULL,NULL,NULL,0,NULL,1,295e169d-cf86-4077-b8a9-4c5ec42b565d,2014-12-07 11:42:40.1276775 +08:00,295e169d-cf86-4077-b8a9-4c5ec42b565d,2014-12-07 11:42:40.1276775 +08:00,0x00000000022B7BAA
19879ae9-907f-4e0c-a0e0-1e79e36209d9,bf7c1cf4-b089-4ce1-81b6-aa678c1975d2,a5c9bffb-a570-479c-a0f5-1492a61c846f,payType,0,支付类型,NULL,NULL,NULL,NULL,NULL,0,NULL,1,295e169d-cf86-4077-b8a9-4c5ec42b565d,2018-11-13 21:54:16.8078150 +08:00,295e169d-cf86-4077-b8a9-4c5ec42b565d,2018-11-13 21:54:16.8078150 +08:00,0x00000000022A52A0
1e0dadde-3f52-4e96-a5c7-e5ffafe425da,4bb79886-0adf-40aa-a56c-7b2bba26b6f6,06261d7e-36d4-4ef8-8065-58ec3cc8d54a,state,0,状态,NULL,NULL,NULL,NULL,NULL,0,NULL,1,295e169d-cf86-4077-b8a9-4c5ec42b565d,2018-05-27 13:36:06.1774281 +08:00,295e169d-cf86-4077-b8a9-4c5ec42b565d,2018-05-27 13:36:06.1774281 +08:00,0x00000000022B7D2F
25816d8f-c3ab-453b-ba34-6c0a441a38ed,1901fdb3-72a4-4559-abd2-6ba9fcee5fa5,b607d811-189e-4a33-81f9-35b071b832e6,type,0,分组,NULL,NULL,NULL,NULL,NULL,0,NULL,1,295e169d-cf86-4077-b8a9-4c5ec42b565d,2016-05-16 08:54:58.0342021 +08:00,295e169d-cf86-4077-b8a9-4c5ec42b565d,2016-05-16 08:54:58.0342021 +08:00,0x0000000000B7FDA4
292079f5-2d94-4b70-8541-149bf46db16c,378ea5cb-0916-4cbc-a10c-8742d36e3d1c,400acd2a-6a55-46f3-bf56-8f66e9c3a8c4,tbType,0,类型,NULL,NULL,NULL,NULL,NULL,1,NULL,1,,2012-10-06 22:54:44.1194880 +08:00,,2012-10-15 10:50:36.9009594 +08:00,0x00000000000007E7
2bd9e132-d76b-49a5-80d7-c1d9beb9e0c5,d4a68e5c-fadb-422e-bb1e-0b46d5aec873,bd9b1db8-2311-4dc9-a496-7522a0f51634,int1,0,分类,NULL,NULL,NULL,NULL,NULL,0,NULL,1,295e169d-cf86-4077-b8a9-4c5ec42b565d,2015-02-06 12:51:03.2840813 +08:00,295e169d-cf86-4077-b8a9-4c5ec42b565d,2015-02-06 14:10:54.2615299 +08:00,0x00000000000DBCE9
328c0bbe-c59f-493c-95ba-a7bcf7f8a55f,16ef750c-dcb0-4363-9596-6b0b26d3f2e2,3cec410c-0572-41d9-98cc-0bf922d645be,displayType,0,显示类型,NULL,NULL,NULL,NULL,NULL,NULL,NULL,1,,2012-10-06 23:10:41.2982355 +08:00,,2012-10-06 23:10:53.9059566 +08:00,0x000000000000086E
34b1f476-cf38-481f-9a5e-124fec42350b,442a6886-d6a9-4ff6-9ede-a66a4328a394,83b8515a-259d-4251-929e-33e05fb908f1,int1,0,类型,NULL,NULL,NULL,NULL,NULL,0,NULL,1,295e169d-cf86-4077-b8a9-4c5ec42b565d,2015-08-07 22:39:04.8245491 +08:00,295e169d-cf86-4077-b8a9-4c5ec42b565d,2015-08-07 22:39:04.8245491 +08:00,0x00000000001AEFD6
3868375a-75b0-4f73-bda7-c52684efce98,c5a48c9c-0a3f-4dea-92d4-0cd466bc879c,44a5f938-c176-444c-8611-cccb612e7f4b,int1,0,类型,NULL,NULL,NULL,NULL,NULL,0,NULL,1,295e169d-cf86-4077-b8a9-4c5ec42b565d,2018-02-19 13:32:26.1758291 +08:00,295e169d-cf86-4077-b8a9-4c5ec42b565d,2018-02-19 13:32:26.1758291 +08:00,0x000000000214ADCE
3b3dc4fb-5be1-4599-829f-56cfb70436ac,ab52cd17-e597-4c87-a26c-f72ef9c6aeb9,1e7e2b13-a779-4cac-8526-4ec902013651,int1,0,分类,NULL,NULL,NULL,NULL,NULL,0,NULL,2,624c460c-aa32-4f56-850b-3f08fd4848bf,2019-11-04 15:21:12.6779335 +08:00,624c460c-aa32-4f56-850b-3f08fd4848bf,2019-11-04 15:21:12.6779335 +08:00,0x00000000022FCCCC
3b9387ac-1158-4d46-af9e-705be2ed244b,7384f5eb-7047-4761-90c5-2e10fe2a057e,8d315cd4-e7e1-4cdb-a11f-f58b86895d1e,state,0,状态,NULL,755426d8-367a-440d-bc01-92ffb773d677,NULL,NULL,NULL,0,NULL,1,295e169d-cf86-4077-b8a9-4c5ec42b565d,2015-08-30 10:21:17.5621728 +08:00,295e169d-cf86-4077-b8a9-4c5ec42b565d,2015-08-30 13:19:03.1814293 +08:00,0x00000000022D48F7
3c7992b5-6c38-4549-b7e2-ab8604ffe5f5,fa1332f8-b592-4b7b-90e6-2ec71e03690c,9b5f1c05-fbab-4789-8b9c-b5d4a09d319a,int1,0,类型,NULL,NULL,NULL,NULL,NULL,0,NULL,1,624c460c-aa32-4f56-850b-3f08fd4848bf,2019-11-07 11:26:48.4281850 +08:00,624c460c-aa32-4f56-850b-3f08fd4848bf,2019-11-07 11:26:48.4281850 +08:00,0x00000000022FD54F
40e75c37-2a6b-4d37-9b30-b4cbf736bea7,af6e34a2-e87e-48e0-9ac9-7cc2d2b74b32,0abd1691-6bc3-4e2c-a504-2287085e8b98,type,0,类型,NULL,NULL,NULL,NULL,NULL,0,NULL,1,295e169d-cf86-4077-b8a9-4c5ec42b565d,2016-01-21 22:44:31.3585280 +08:00,295e169d-cf86-4077-b8a9-4c5ec42b565d,2016-01-21 22:44:31.3585280 +08:00,0x00000000004E6546
43bd7c80-4e1d-4fce-8c4a-80b9c826467e,37a2390e-a44d-44e5-aceb-cf96a5004aec,b7cf25d7-c755-4557-b97f-b65da7219942,type,0,模板类型,NULL,NULL,NULL,NULL,NULL,NULL,NULL,1,,2012-10-08 10:40:40.0847186 +08:00,,2012-10-10 13:48:33.5633316 +08:00,0x0000000000000912
445bf8a8-a426-4ff6-82dc-3fc789466114,2f161156-988e-4485-a6ef-96a3833bbc46,86395e05-b492-44b6-89da-35d0b965dce2,int1,0,int1,NULL,NULL,NULL,NULL,NULL,0,NULL,2,1e670c58-9bc3-4f49-9cc0-c9cc064d782a,2019-08-23 10:32:31.6908918 +08:00,1e670c58-9bc3-4f49-9cc0-c9cc064d782a,2019-08-23 10:32:31.6908918 +08:00,0x00000000022DA5F9
4b739eb8-b3d2-497f-b772-55d6ae66e57b,6cd3429d-b3ff-4b7f-bb96-64b5e56612f7,88741423-7a39-43e9-a6bb-2c3c6e252494,state,0,状态,NULL,NULL,NULL,NULL,NULL,0,NULL,2,1e670c58-9bc3-4f49-9cc0-c9cc064d782a,2019-08-12 18:12:58.5192007 +08:00,1e670c58-9bc3-4f49-9cc0-c9cc064d782a,2019-08-12 18:58:36.4440853 +08:00,0x00000000022D58D4
4f5946ae-278c-4791-9f18-b8e29df34f9d,0baf1de8-7c9c-46ad-bbda-f7cd5a2ce146,6a6c94ab-1c1f-453d-a867-2336d8807760,state,0,状态,NULL,NULL,NULL,NULL,NULL,0,NULL,1,295e169d-cf86-4077-b8a9-4c5ec42b565d,2018-05-27 16:58:52.1893788 +08:00,295e169d-cf86-4077-b8a9-4c5ec42b565d,2018-05-27 16:58:52.1893788 +08:00,0x00000000022B7D66
51c77c69-126a-48ce-ae34-178cfdb851b8,6e063aba-7fd9-44ee-b30d-804daab02948,e3a24b4b-6c2e-4ae8-804e-81b0666fc91e,int1,0,分类,NULL,NULL,NULL,NULL,NULL,0,NULL,1,47c0bf38-8e92-43ea-8cfe-e3a7a7991e17,2019-03-21 14:27:21.8417349 +08:00,47c0bf38-8e92-43ea-8cfe-e3a7a7991e17,2019-03-21 14:27:21.8417349 +08:00,0x00000000022BA2D7
54e4b355-d0c8-4ff6-a66b-dd4fcf624aba,4518c812-24bd-4f7a-b2b0-c31e6c134fd4,e42b079e-a3a1-4019-b6db-12b6fe732bcf,int2,0,推荐,NULL,NULL,NULL,NULL,NULL,0,NULL,1,624c460c-aa32-4f56-850b-3f08fd4848bf,2019-11-04 16:24:55.3562956 +08:00,624c460c-aa32-4f56-850b-3f08fd4848bf,2019-11-04 16:24:55.3562956 +08:00,0x00000000022FCFE9
57ce8744-df17-4779-9b19-8294e49faeac,79aec230-440b-4608-b501-cadba259baa0,3c171461-f0f7-4253-8dc6-0062b8e0e2ba,inout,0,问答类型,NULL,13234d17-d98f-4d7b-95b5-07596755fa61,NULL,NULL,NULL,0,NULL,1,295e169d-cf86-4077-b8a9-4c5ec42b565d,2014-12-28 21:04:37.1774481 +08:00,295e169d-cf86-4077-b8a9-4c5ec42b565d,2014-12-28 21:04:37.1774481 +08:00,0x00000000022B7CBD
5d189dc6-f54d-4439-92b8-b3ce2898d016,82c4f5f6-2a39-40c5-be35-5edb82b7dec6,eebb9225-8abe-4349-ad60-ec75dad4b4e2,int1,0,文档类型,NULL,NULL,NULL,NULL,NULL,0,NULL,1,295e169d-cf86-4077-b8a9-4c5ec42b565d,2015-02-10 12:33:07.2372921 +08:00,295e169d-cf86-4077-b8a9-4c5ec42b565d,2015-02-10 12:33:07.2372921 +08:00,0x00000000000DDF2D
5f06d3f7-a393-4488-8cb8-10ee868ce764,2eaa0faa-b3fe-4667-834a-eb7066cb441f,74e052fd-c50a-4316-bb08-a92a9d362947,int1,0,类型,NULL,NULL,NULL,NULL,NULL,0,NULL,1,295e169d-cf86-4077-b8a9-4c5ec42b565d,2018-02-18 14:30:36.5788991 +08:00,295e169d-cf86-4077-b8a9-4c5ec42b565d,2018-02-18 14:30:36.5788991 +08:00,0x000000000214ABE7
5f509b18-b552-4b87-a633-b3230a8328af,02f5953c-9721-4390-9946-e2076b4c9187,f6b8ebd7-283c-46d8-b8bd-5eacafb868cd,int1,0,文章类型,NULL,NULL,NULL,NULL,NULL,0,NULL,1,24597ceb-8ffb-46a5-96c0-4d173393bb5c,2019-06-25 16:46:25.9201249 +08:00,24597ceb-8ffb-46a5-96c0-4d173393bb5c,2019-06-25 16:46:25.9201249 +08:00,0x00000000022F0D51
5f887af1-99af-4e26-900f-64206fb2b986,3573d648-c7f2-4a94-b2cb-37729a2b6f51,27478901-a234-4396-92d5-e6afc36feaf7,state,0,状态,NULL,NULL,NULL,NULL,NULL,0,NULL,1,295e169d-cf86-4077-b8a9-4c5ec42b565d,2016-12-17 16:56:36.7337462 +08:00,295e169d-cf86-4077-b8a9-4c5ec42b565d,2016-12-17 16:56:36.7337462 +08:00,0x00000000013A353F
629650f4-8dfc-4f93-85ea-86c5881335cc,f1a8226d-e9dd-449d-bcc1-ed3334f2375f,1195aea9-f287-4677-9188-03539cdd021a,int1,0,文件类型,NULL,NULL,NULL,NULL,NULL,0,NULL,1,295e169d-cf86-4077-b8a9-4c5ec42b565d,2015-07-18 12:19:38.1533196 +08:00,295e169d-cf86-4077-b8a9-4c5ec42b565d,2015-07-18 12:19:38.1533196 +08:00,0x000000000019859B
62a3cb85-9f59-450c-b78f-6b85c5e8921f,79aec230-440b-4608-b501-cadba259baa0,e6462700-8e12-4fd9-a366-e0bf74a10481,type,0,消息类型,NULL,7dc99e1e-b461-4090-9e35-ac56706628d8,NULL,NULL,NULL,0,NULL,2,295e169d-cf86-4077-b8a9-4c5ec42b565d,2014-12-28 21:05:22.2104273 +08:00,295e169d-cf86-4077-b8a9-4c5ec42b565d,2014-12-28 21:05:58.4374043 +08:00,0x00000000022B7CBE
66836d49-04c4-4275-b83b-bdfd93172592,6a722578-a5b1-498f-b27d-822a206b7c13,c948667f-7a28-4297-92e5-0c1f16e42cd2,state,0,状态,NULL,NULL,NULL,NULL,NULL,0,NULL,1,295e169d-cf86-4077-b8a9-4c5ec42b565d,2014-12-20 21:59:07.0205015 +08:00,295e169d-cf86-4077-b8a9-4c5ec42b565d,2014-12-20 21:59:07.0205015 +08:00,0x00000000000C3ADC
68170932-018d-4d4a-91d7-79aeebbf71d5,2bde7bfb-a313-44e6-8aa9-f3299c781bea,0f76d7d0-c004-4ad0-b6fd-b4a4c5d541f9,int1,0,类型,NULL,NULL,NULL,NULL,NULL,0,NULL,1,295e169d-cf86-4077-b8a9-4c5ec42b565d,2015-09-12 15:18:45.8499530 +08:00,295e169d-cf86-4077-b8a9-4c5ec42b565d,2015-09-12 15:18:45.8499530 +08:00,0x00000000001BC93C
6c1cc82b-2de5-4c7a-aa15-2f1d6d9265e8,8edc8449-cdf5-43bc-97e3-de321f3ad454,997a16fc-9977-46bb-96c9-91cd20cdaf26,int1,0,分类,NULL,NULL,NULL,NULL,NULL,0,NULL,1,47c0bf38-8e92-43ea-8cfe-e3a7a7991e17,2019-03-21 16:14:21.4663541 +08:00,47c0bf38-8e92-43ea-8cfe-e3a7a7991e17,2019-03-21 16:14:21.4663541 +08:00,0x00000000022BA3EE
6c819e09-1520-4193-a6ab-8a1615ad1798,137ad7c4-2d34-4ea9-b283-7d24369b46d1,20847c80-4ad3-45e7-b1b1-2d768497a353,opercode,0,会话状态,NULL,NULL,NULL,NULL,NULL,0,NULL,1,295e169d-cf86-4077-b8a9-4c5ec42b565d,2015-01-01 20:46:55.0998272 +08:00,295e169d-cf86-4077-b8a9-4c5ec42b565d,2015-01-01 20:46:55.0998272 +08:00,0x00000000022B7CDD
6c890d4a-c2ee-4445-832d-00e811980c43,d4a68e5c-fadb-422e-bb1e-0b46d5aec873,cd3e522d-e9e3-4c70-930e-26a61bf0dc5f,int4,0,推荐,NULL,NULL,NULL,NULL,NULL,0,NULL,4,295e169d-cf86-4077-b8a9-4c5ec42b565d,2015-02-06 14:11:19.2253791 +08:00,295e169d-cf86-4077-b8a9-4c5ec42b565d,2015-02-06 14:11:19.2253791 +08:00,0x00000000000DBCEB
6ce3995b-b572-47fe-8961-be619b88cd7a,17ffcede-6c94-4d3e-a07e-e4d2231ed6e2,b185b651-a0c9-4eba-a2a3-e9abe5775471,changefreq,0,更改频率,NULL,NULL,NULL,NULL,NULL,0,NULL,1,295e169d-cf86-4077-b8a9-4c5ec42b565d,2015-06-27 06:46:28.9171313 +08:00,295e169d-cf86-4077-b8a9-4c5ec42b565d,2015-06-27 06:46:28.9171313 +08:00,0x000000000017B042
6e5b06de-e761-4a34-8d29-e90a7c6e9fa2,648979dd-a402-4167-b82c-67ccb2970cda,8b10c689-566d-4c20-86b7-b64b87fb61a9,登录类型,0,登录类型,NULL,d06f4906-e7b4-48ca-b653-9dd0a69ad1a6,NULL,NULL,NULL,0,NULL,1,295e169d-cf86-4077-b8a9-4c5ec42b565d,2014-12-07 10:26:50.8982815 +08:00,295e169d-cf86-4077-b8a9-4c5ec42b565d,2014-12-07 10:27:12.1364017 +08:00,0x00000000022B7B8F
755426d8-367a-440d-bc01-92ffb773d677,2f161156-988e-4485-a6ef-96a3833bbc46,f5e51aa5-20a8-4a1c-9087-243eacc29f6f,state,0,状态,NULL,NULL,NULL,NULL,NULL,0,NULL,1,295e169d-cf86-4077-b8a9-4c5ec42b565d,2015-04-02 23:03:53.9203795 +08:00,295e169d-cf86-4077-b8a9-4c5ec42b565d,2015-04-02 23:03:53.9203795 +08:00,0x0000000000101B18
7740ed9c-550e-4bd0-a342-ac8ef88ee390,eb4c277f-504e-467f-a032-9c4a48b30c0a,729a9b46-da77-43f8-b8c9-afb70f764b72,payType,0,支付类型,NULL,NULL,NULL,NULL,NULL,0,NULL,2,295e169d-cf86-4077-b8a9-4c5ec42b565d,2015-07-27 11:23:48.8592598 +08:00,295e169d-cf86-4077-b8a9-4c5ec42b565d,2017-01-03 20:10:51.1462118 +08:00,0x00000000013A34A8
7a0d9914-9d1d-4f40-b78a-920bba2b3216,ab52cd17-e597-4c87-a26c-f72ef9c6aeb9,fd440cdc-b2c0-4610-b043-76955665b625,int2,0,首页推荐,NULL,NULL,NULL,NULL,NULL,0,NULL,1,295e169d-cf86-4077-b8a9-4c5ec42b565d,2018-02-18 11:56:08.8457910 +08:00,295e169d-cf86-4077-b8a9-4c5ec42b565d,2018-02-18 11:56:08.8457910 +08:00,0x00000000022BA37C
7a7932b6-58dd-4e2f-ae70-1a2940be5aca,c8316b04-32bb-47fd-9d8d-1b91f6a49001,c18587ae-72c6-4437-9979-90965173c401,int1,0,分类,NULL,NULL,NULL,NULL,NULL,0,NULL,1,295e169d-cf86-4077-b8a9-4c5ec42b565d,2016-07-25 20:10:51.7832261 +08:00,295e169d-cf86-4077-b8a9-4c5ec42b565d,2016-07-25 20:10:51.7832261 +08:00,0x00000000008B4BB4
7c89a957-b278-47af-9e2f-8b7489bc2b8c,4255820b-1c14-4774-ad3c-de5b5bcf7ad5,23fdca28-a5da-4c2d-95f3-8f34404e9e92,type,0,媒体类型,NULL,NULL,NULL,NULL,NULL,0,NULL,1,295e169d-cf86-4077-b8a9-4c5ec42b565d,2015-01-01 20:42:36.8022524 +08:00,295e169d-cf86-4077-b8a9-4c5ec42b565d,2015-01-01 20:42:36.8022524 +08:00,0x00000000022B7C10
7dc99e1e-b461-4090-9e35-ac56706628d8,2bf50b7c-aeb8-4922-9f6f-0e20fe6963ea,92aea8db-8360-4f3b-9987-96a4530c910f,type,0,消息类型,NULL,NULL,NULL,NULL,NULL,0,NULL,3,295e169d-cf86-4077-b8a9-4c5ec42b565d,2014-11-29 22:49:15.6488111 +08:00,295e169d-cf86-4077-b8a9-4c5ec42b565d,2014-11-29 22:49:15.6488111 +08:00,0x00000000022B7BAB
8070f1b9-18c3-4cf6-9939-b8aaaad109b9,6218bd63-3845-434a-9a41-37b3cf0fdaf6,677882bf-37f7-4e99-89e0-4f0ef3fe9b80,type,0,媒体类型,NULL,NULL,NULL,NULL,NULL,0,NULL,1,295e169d-cf86-4077-b8a9-4c5ec42b565d,2015-01-01 19:36:56.3611634 +08:00,295e169d-cf86-4077-b8a9-4c5ec42b565d,2015-01-01 19:36:56.3611634 +08:00,0x00000000022B7BFA
827aab61-b7d4-408b-bf91-be9347bf476e,240591d6-ea7f-46eb-a1ab-1d591af4f835,37090caa-d932-45f3-b214-939af7155a46,int1,0,文件类型,NULL,NULL,NULL,NULL,NULL,0,NULL,1,295e169d-cf86-4077-b8a9-4c5ec42b565d,2016-07-10 07:43:48.7576734 +08:00,295e169d-cf86-4077-b8a9-4c5ec42b565d,2016-07-10 07:43:48.7576734 +08:00,0x000000000085271C
86edf78d-1e8f-4e54-92cc-1cc5ad3a4ce1,f275a76e-652e-4600-862c-0ae3d6c850b0,9ffe9069-f5b6-411b-99ff-2667344a2b4a,state,0,状态,NULL,NULL,NULL,NULL,NULL,0,NULL,1,295e169d-cf86-4077-b8a9-4c5ec42b565d,2016-11-20 15:27:07.3726216 +08:00,295e169d-cf86-4077-b8a9-4c5ec42b565d,2016-11-20 15:27:07.3726216 +08:00,0x00000000013A34D3
88167f12-c412-4730-8184-9f81c8e05112,867d06c2-f244-40fa-9c1a-f831b6255ba2,eb322463-3c41-47db-859e-3041a61eadfc,linkType,0,认证系统类型,NULL,NULL,NULL,NULL,NULL,0,NULL,1,295e169d-cf86-4077-b8a9-4c5ec42b565d,2014-03-07 11:58:29.2015052 +08:00,295e169d-cf86-4077-b8a9-4c5ec42b565d,2014-03-07 11:58:29.2015052 +08:00,0x0000000000041ED6
8865fad6-ad55-40f7-bc96-663031ed6b57,eba651d5-1763-49c6-8255-680535683437,868a8ab8-783c-4e90-a05d-e8f4314ecc74,state,0,状态,NULL,NULL,NULL,NULL,NULL,0,NULL,1,295e169d-cf86-4077-b8a9-4c5ec42b565d,2016-11-20 15:28:02.0917218 +08:00,295e169d-cf86-4077-b8a9-4c5ec42b565d,2016-11-20 15:28:02.0917218 +08:00,0x00000000013A3524
88753ef8-08cd-427d-82a5-39be9dfa6447,cffd4607-cc6c-496f-bd3a-9acff0b43bd1,70617928-c87e-4310-b28a-e1216109b36f,clickType,0,动作类型,NULL,NULL,NULL,NULL,NULL,0,NULL,1,295e169d-cf86-4077-b8a9-4c5ec42b565d,2014-02-28 09:55:59.3947269 +08:00,295e169d-cf86-4077-b8a9-4c5ec42b565d,2014-02-28 09:55:59.3947269 +08:00,0x00000000022B7C83
90fa0bcc-c24a-45da-a124-d3a01ea9a6b5,d4a68e5c-fadb-422e-bb1e-0b46d5aec873,6071a312-f4c3-4e83-9ea6-4f4178f27f83,int3,0,版权,NULL,NULL,NULL,NULL,NULL,0,NULL,3,295e169d-cf86-4077-b8a9-4c5ec42b565d,2015-02-06 13:04:54.1465242 +08:00,295e169d-cf86-4077-b8a9-4c5ec42b565d,2015-02-06 13:05:13.7937042 +08:00,0x00000000000DBAF5
9a054fb5-108c-4d9c-8fac-24230f62967f,d8efd150-0f94-4ad8-b5ac-90244df315b9,b2b70931-2973-459d-aba5-ab9dfaf91a61,type,0,类型,NULL,NULL,NULL,NULL,NULL,0,NULL,1,24597ceb-8ffb-46a5-96c0-4d173393bb5c,2019-07-08 09:23:01.6096460 +08:00,24597ceb-8ffb-46a5-96c0-4d173393bb5c,2019-07-08 09:23:01.6096460 +08:00,0x00000000022D18FA
9c0f1ff5-2b08-4784-9775-5a20556e0219,eb4c277f-504e-467f-a032-9c4a48b30c0a,99f7ee2c-d5f1-4000-8050-d90c316e7ef0,state,0,状态,NULL,NULL,NULL,NULL,NULL,0,NULL,1,295e169d-cf86-4077-b8a9-4c5ec42b565d,2015-07-26 15:31:28.7117674 +08:00,295e169d-cf86-4077-b8a9-4c5ec42b565d,2017-01-03 20:10:41.1681252 +08:00,0x00000000013A34A9
9da4ce59-9f7f-46a2-942f-1f74a635fe14,3692af45-c510-4184-8d43-6afa722f7505,3c170a3b-7fcc-4513-a5ba-01efbcc606b5,uiType,0,UI类型,NULL,NULL,NULL,NULL,NULL,0,NULL,1,,2012-10-06 08:38:51.8698256 +08:00,295e169d-cf86-4077-b8a9-4c5ec42b565d,2016-05-03 06:45:40.4578158 +08:00,0x0000000000602318
a1606b52-5f23-4334-b2e1-de34ab40fa1d,16fb67b6-0f59-409a-8232-2bf7bce5e09e,f2438aef-7b23-4d71-8567-c35693ed969b,state,0,状态,NULL,cabea3da-6518-496b-8801-b0ec17a42320,NULL,NULL,NULL,0,NULL,2,295e169d-cf86-4077-b8a9-4c5ec42b565d,2015-01-01 21:19:18.6269922 +08:00,295e169d-cf86-4077-b8a9-4c5ec42b565d,2015-01-01 21:19:44.4062891 +08:00,0x00000000022B7CCF
a2699954-f497-42cf-b101-48b47699cf5e,3692af45-c510-4184-8d43-6afa722f7505,f2aa40a2-6c10-4d3d-b7ec-f2f20781d2a8,orderType,0,排序,NULL,NULL,NULL,NULL,NULL,NULL,NULL,2,,2012-10-06 22:58:12.9784340 +08:00,,2012-10-06 22:58:26.3561992 +08:00,0x0000000000000815
a83d53d7-8f3f-459e-b5bb-cf215f9349a5,6cd3429d-b3ff-4b7f-bb96-64b5e56612f7,05e51dca-f5ef-4770-b9cc-4769394c9bfd,int1,0,性别,NULL,NULL,NULL,NULL,NULL,0,NULL,1,24597ceb-8ffb-46a5-96c0-4d173393bb5c,2019-07-09 17:31:39.9953872 +08:00,1e670c58-9bc3-4f49-9cc0-c9cc064d782a,2019-08-12 17:24:52.5302382 +08:00,0x00000000022D57E8
b127d6ae-afe1-4c0e-a097-74a0dec8053a,867d06c2-f244-40fa-9c1a-f831b6255ba2,1352502a-f07f-4b25-a542-7d27d88e03f1,infoType,0,消息类型,NULL,NULL,NULL,NULL,NULL,0,NULL,2,295e169d-cf86-4077-b8a9-4c5ec42b565d,2014-03-07 11:59:25.0619527 +08:00,295e169d-cf86-4077-b8a9-4c5ec42b565d,2014-03-07 11:59:25.0619527 +08:00,0x0000000000041ED9
b6154687-2e95-4cdc-b188-600d29176ddd,e4e0bde1-9e20-457d-8f2f-ea845c76fde9,21427689-f1a2-4e00-93a2-d60e81de61be,state,0,状态,NULL,NULL,NULL,NULL,NULL,0,NULL,1,295e169d-cf86-4077-b8a9-4c5ec42b565d,2019-01-07 15:18:35.4087854 +08:00,295e169d-cf86-4077-b8a9-4c5ec42b565d,2019-01-07 15:18:35.4087854 +08:00,0x00000000022B6C04
bcfb81ca-215e-4c0f-a177-f448c17370dd,24dab026-0619-4647-b97c-63d69689b8f7,9ae3b977-0226-47a9-824d-002f3a3c0a16,int1,0,类型,NULL,NULL,NULL,NULL,NULL,0,NULL,1,624c460c-aa32-4f56-850b-3f08fd4848bf,2019-11-04 16:03:41.0057997 +08:00,624c460c-aa32-4f56-850b-3f08fd4848bf,2019-11-04 16:03:41.0057997 +08:00,0x00000000022FCEB5
c5b81102-b2ef-447b-9443-93cb8754a58a,2f4f7c23-e491-4b4b-90d5-3c732a4929d7,fe7496ab-9902-48ff-b5bf-cefb3e169c15,int2,0,推荐,NULL,NULL,NULL,NULL,NULL,0,NULL,2,624c460c-aa32-4f56-850b-3f08fd4848bf,2019-11-04 15:54:59.9920187 +08:00,624c460c-aa32-4f56-850b-3f08fd4848bf,2019-11-04 15:54:59.9920187 +08:00,0x00000000022FCEAF
c9d5d1d8-b968-4be0-80c2-5ae34488f5bb,16fb67b6-0f59-409a-8232-2bf7bce5e09e,f7057af0-0ee5-4c9e-98d8-a59f0d13e841,type,0,状态,NULL,cabea3da-6518-496b-8801-b0ec17a42320,NULL,NULL,NULL,0,NULL,1,295e169d-cf86-4077-b8a9-4c5ec42b565d,2015-01-01 20:10:41.1323281 +08:00,295e169d-cf86-4077-b8a9-4c5ec42b565d,2015-01-01 20:11:26.5366250 +08:00,0x00000000022B7CD0
cabea3da-6518-496b-8801-b0ec17a42320,6218bd63-3845-434a-9a41-37b3cf0fdaf6,e995f9c8-ab15-4b21-af02-7044b1c8c821,state,0,状态,NULL,NULL,NULL,NULL,NULL,0,NULL,2,295e169d-cf86-4077-b8a9-4c5ec42b565d,2015-01-01 20:08:05.2398014 +08:00,295e169d-cf86-4077-b8a9-4c5ec42b565d,2015-01-01 20:08:05.2398014 +08:00,0x00000000022B7BFB
d06f4906-e7b4-48ca-b653-9dd0a69ad1a6,2bf50b7c-aeb8-4922-9f6f-0e20fe6963ea,7b469e6b-9038-400a-9e1b-726d02c2e91b,userType,0,登录类型,NULL,NULL,NULL,NULL,NULL,0,NULL,2,295e169d-cf86-4077-b8a9-4c5ec42b565d,2014-11-29 22:47:31.6878649 +08:00,295e169d-cf86-4077-b8a9-4c5ec42b565d,2014-11-29 22:47:31.6878649 +08:00,0x00000000022B7BAC
d1b34f60-846a-4e0d-bb91-aa75505679fc,b6372bcc-7877-4829-ad76-08e4a74cabbc,6609791b-d0a2-4277-99f9-8457e961ee17,int1,0,类型,NULL,NULL,NULL,NULL,NULL,0,NULL,1,295e169d-cf86-4077-b8a9-4c5ec42b565d,2015-11-07 13:33:00.0203925 +08:00,295e169d-cf86-4077-b8a9-4c5ec42b565d,2015-11-07 13:33:00.0203925 +08:00,0x000000000030559F
d2ddcf9f-a54c-4bc7-88ee-5ed27f66b201,bb0dd33f-da18-463f-8bf0-c988c1610f0e,bbe0ea58-438d-49a8-8d12-12851614650f,int2,0,性别,NULL,NULL,NULL,NULL,NULL,0,NULL,2,1e670c58-9bc3-4f49-9cc0-c9cc064d782a,2019-08-12 18:44:41.4353617 +08:00,1e670c58-9bc3-4f49-9cc0-c9cc064d782a,2019-08-12 18:44:41.4353617 +08:00,0x00000000022D5830
d5c0e0ba-37f9-40b0-999f-8eb4507a8821,d4a68e5c-fadb-422e-bb1e-0b46d5aec873,9659c5bc-ba5a-40db-9b66-24b6be898835,int2,0,属性,NULL,NULL,NULL,NULL,NULL,0,NULL,2,295e169d-cf86-4077-b8a9-4c5ec42b565d,2015-02-06 12:51:34.2537788 +08:00,295e169d-cf86-4077-b8a9-4c5ec42b565d,2015-02-06 14:11:05.2834375 +08:00,0x00000000000DBCEA
ed10131f-e811-41d9-ac5d-18f29666f3b7,665c34db-412e-4e26-833c-c99ff0688a5b,6a5bffde-f49a-4bdf-8c82-7022acea39bc,int1,0,分类,NULL,NULL,NULL,NULL,NULL,0,NULL,1,624c460c-aa32-4f56-850b-3f08fd4848bf,2019-11-04 15:19:36.4797326 +08:00,624c460c-aa32-4f56-850b-3f08fd4848bf,2019-11-04 15:19:36.4797326 +08:00,0x00000000022FCCC9
edbe3e28-8cac-47d3-a7f8-9d42c404924e,665c34db-412e-4e26-833c-c99ff0688a5b,e07bad77-134b-409e-992f-f5dbf8743dcb,int2,0,推荐,NULL,NULL,NULL,NULL,NULL,0,NULL,2,624c460c-aa32-4f56-850b-3f08fd4848bf,2019-11-04 15:16:07.0346474 +08:00,624c460c-aa32-4f56-850b-3f08fd4848bf,2019-11-04 15:16:07.0346474 +08:00,0x00000000022FCCCA
f09d5fb6-7e47-4ea8-a715-ec24f1183d1f,97f50ef8-97a0-43a6-8e17-0c99f5e6732a,34037731-2000-4241-9c0f-f61561cd28f8,sex,0,性别,NULL,NULL,NULL,NULL,NULL,0,NULL,1,295e169d-cf86-4077-b8a9-4c5ec42b565d,2014-12-22 00:12:50.0712535 +08:00,295e169d-cf86-4077-b8a9-4c5ec42b565d,2014-12-22 00:12:50.0712535 +08:00,0x00000000022B7C4E
f4975b4b-6a3b-4a05-9404-b7b726996121,064c5943-de5c-4f3e-bacb-8fa3b4c45b93,d78d30c8-7414-4184-bca2-b17b809ba8c5,int1,0,文档类型,NULL,NULL,NULL,NULL,NULL,0,NULL,1,295e169d-cf86-4077-b8a9-4c5ec42b565d,2015-03-30 18:59:41.7604717 +08:00,295e169d-cf86-4077-b8a9-4c5ec42b565d,2015-03-30 18:59:41.7604717 +08:00,0x000000000010162D
f4e9fbff-5a83-4730-a8ba-fac47096bbd6,02f5953c-9721-4390-9946-e2076b4c9187,fefc03db-4f19-4ffb-b702-3083286afb83,int2,0,首页推荐,NULL,NULL,NULL,NULL,NULL,0,NULL,2,624c460c-aa32-4f56-850b-3f08fd4848bf,2019-11-04 14:56:00.1611559 +08:00,624c460c-aa32-4f56-850b-3f08fd4848bf,2019-11-04 14:56:00.1611559 +08:00,0x00000000022FCAD5
f4fff5cd-4042-4a26-bcef-8b2abfdfbcb9,8008cb69-3a72-4a35-8199-e0b73b2bf53f,c3e8ee15-1365-4e6c-b314-8b8f4ac7f562,state,0,状态,NULL,NULL,NULL,NULL,NULL,0,NULL,1,295e169d-cf86-4077-b8a9-4c5ec42b565d,2014-12-20 19:48:07.2577735 +08:00,295e169d-cf86-4077-b8a9-4c5ec42b565d,2014-12-20 19:48:07.2577735 +08:00,0x00000000000C352D
f649016b-5ffb-42e5-97db-fe67e3cfef58,2f4f7c23-e491-4b4b-90d5-3c732a4929d7,046693af-c056-4ef3-b42e-a52e972781e3,int1,0,分类,NULL,NULL,NULL,NULL,NULL,0,NULL,1,624c460c-aa32-4f56-850b-3f08fd4848bf,2019-11-04 15:43:27.9690543 +08:00,624c460c-aa32-4f56-850b-3f08fd4848bf,2019-11-04 15:43:27.9690543 +08:00,0x00000000022FCE5C
fd2686d6-4bf9-403c-804c-7b2b5d306727,3b2be63e-27cd-4948-83e5-e5538add362c,cc71139c-ea4e-4c84-b56c-933ac68f03f4,state,0,状态,NULL,4f5946ae-278c-4791-9f18-b8e29df34f9d,NULL,NULL,NULL,0,NULL,1,295e169d-cf86-4077-b8a9-4c5ec42b565d,2019-01-04 09:06:53.4689897 +08:00,295e169d-cf86-4077-b8a9-4c5ec42b565d,2019-01-04 09:20:38.5653894 +08:00,0x00000000022B7D84
