sId,mId,pId,no,pathNo,code,pathCode,name,isDefault,description,descriptionEn,remark,treeLevel,queue,isDel,createUser,createTime,modifyUser,modifyTime,sTamp
0138f099-45b8-47e6-a2e7-f11773ea4592,bcfb81ca-215e-4c0f-a177-f448c17370dd,NULL,0,NULL,0,NULL,缩略图,NULL,NULL,NULL,NULL,NULL,1,0,624c460c-aa32-4f56-850b-3f08fd4848bf,2019-11-04 16:03:48.7867091 +08:00,624c460c-aa32-4f56-850b-3f08fd4848bf,2019-11-04 16:03:48.7867091 +08:00,0x00000000022FCEB6
040d3a89-fa27-4de1-965c-b4ce7e52d36b,629650f4-8dfc-4f93-85ea-86c5881335cc,NULL,1,NULL,1,NULL,图片文件,NULL,NULL,NULL,NULL,NULL,1,0,295e169d-cf86-4077-b8a9-4c5ec42b565d,2015-07-18 12:20:12.3191016 +08:00,295e169d-cf86-4077-b8a9-4c5ec42b565d,2015-07-18 12:20:12.3191016 +08:00,0x000000000019859C
04c67a4a-1a60-4a2b-a307-137c9442b75a,04cf53c5-0904-4f36-9d80-28c47ed73141,NULL,2,NULL,2,NULL,邮件,NULL,NULL,NULL,NULL,NULL,2,0,295e169d-cf86-4077-b8a9-4c5ec42b565d,2019-01-07 12:11:17.1933668 +08:00,295e169d-cf86-4077-b8a9-4c5ec42b565d,2019-01-07 12:11:17.1933668 +08:00,0x00000000022B6BAA
04eba0c0-f3a8-4122-af1f-d62824d1ea1d,d5c0e0ba-37f9-40b0-999f-8eb4507a8821,NULL,3,NULL,3,NULL,佳作分享,NULL,NULL,NULL,NULL,NULL,3,0,295e169d-cf86-4077-b8a9-4c5ec42b565d,2015-02-06 12:54:11.2679985 +08:00,295e169d-cf86-4077-b8a9-4c5ec42b565d,2015-02-06 12:54:11.2679985 +08:00,0x00000000000DBA84
04f33707-cbd9-4983-8860-0a3bdd9a70d2,10e7e0f0-1ed5-48db-ab92-7e82d21ee23c,NULL,0,NULL,0,NULL,草稿,NULL,NULL,NULL,NULL,NULL,1,0,295e169d-cf86-4077-b8a9-4c5ec42b565d,2018-11-13 22:12:38.4809770 +08:00,295e169d-cf86-4077-b8a9-4c5ec42b565d,2018-11-13 22:12:38.4809770 +08:00,0x00000000022A52D2
04f4c99d-2fd7-4ca4-832d-c91f4862b860,5f887af1-99af-4e26-900f-64206fb2b986,NULL,0,NULL,0,NULL,未支付,NULL,NULL,NULL,NULL,NULL,1,0,295e169d-cf86-4077-b8a9-4c5ec42b565d,2016-12-17 16:57:10.6089630 +08:00,295e169d-cf86-4077-b8a9-4c5ec42b565d,2016-12-17 16:57:10.6089630 +08:00,0x00000000013A3540
05c12878-baba-4cb4-bac6-4bc3fc91e205,0ebd9063-8fe2-46fe-bd34-b292a7db5401,NULL,1,NULL,add,NULL,添加,NULL,NULL,NULL,NULL,NULL,1,0,,2012-10-08 08:25:19.3106239 +08:00,,2012-10-08 08:25:19.3106239 +08:00,0x00000000000008C0
0815a88f-d5aa-47c0-af64-9d546b90f619,445bf8a8-a426-4ff6-82dc-3fc789466114,NULL,1,NULL,1,NULL,1111,NULL,NULL,NULL,NULL,NULL,1,0,1e670c58-9bc3-4f49-9cc0-c9cc064d782a,2019-08-23 10:32:46.0294098 +08:00,1e670c58-9bc3-4f49-9cc0-c9cc064d782a,2019-08-23 10:32:46.0294098 +08:00,0x00000000022DA5FA
086b4f42-9a82-408b-8170-e756d7e63c2b,9a054fb5-108c-4d9c-8fac-24230f62967f,NULL,3,NULL,3,NULL,产品的资料关联,NULL,NULL,NULL,NULL,NULL,3,0,24597ceb-8ffb-46a5-96c0-4d173393bb5c,2019-07-08 09:24:28.5090522 +08:00,24597ceb-8ffb-46a5-96c0-4d173393bb5c,2019-07-08 09:24:28.5090522 +08:00,0x00000000022D18FD
0a201876-b4b3-4c85-ad05-c3e77c1d05b0,90fa0bcc-c24a-45da-a124-d3a01ea9a6b5,NULL,1100,NULL,1100,NULL,保留作者信息-禁止商业使用,NULL,NULL,NULL,NULL,NULL,3,0,295e169d-cf86-4077-b8a9-4c5ec42b565d,2015-02-06 13:07:02.3560917 +08:00,295e169d-cf86-4077-b8a9-4c5ec42b565d,2015-02-06 13:11:24.7300863 +08:00,0x00000000000DBB01
0a350253-b45c-4682-9f97-d93b6fbc5429,43bd7c80-4e1d-4fce-8c4a-80b9c826467e,NULL,1,NULL,1,NULL,多数据集,NULL,NULL,NULL,NULL,NULL,1,0,,2012-10-11 11:57:59.1552058 +08:00,,2012-10-11 11:57:59.1552058 +08:00,0x0000000000000913
0c851d31-4c76-489e-9111-c485296f98d0,88753ef8-08cd-427d-82a5-39be9dfa6447,NULL,1,NULL,click,NULL,按钮,NULL,NULL,NULL,NULL,NULL,3,0,295e169d-cf86-4077-b8a9-4c5ec42b565d,2014-02-28 09:57:25.0996290 +08:00,295e169d-cf86-4077-b8a9-4c5ec42b565d,2018-12-31 12:34:27.5581278 +08:00,0x00000000022B7C84
0e43645e-59db-453a-8f85-144c8c17381f,755426d8-367a-440d-bc01-92ffb773d677,NULL,9,NULL,9,NULL,已受理,NULL,NULL,NULL,NULL,NULL,2,0,295e169d-cf86-4077-b8a9-4c5ec42b565d,2015-04-02 23:05:19.7644961 +08:00,295e169d-cf86-4077-b8a9-4c5ec42b565d,2015-04-02 23:05:19.7644961 +08:00,0x0000000000101B1A
124f23f1-dc16-40f0-acb0-2734bdb2723c,edbe3e28-8cac-47d3-a7f8-9d42c404924e,NULL,0,NULL,0,NULL,不推荐,NULL,NULL,NULL,NULL,NULL,1,0,624c460c-aa32-4f56-850b-3f08fd4848bf,2019-11-04 15:16:19.7653552 +08:00,624c460c-aa32-4f56-850b-3f08fd4848bf,2019-11-04 15:16:19.7653552 +08:00,0x00000000022FCC50
13674875-8197-4d6a-888c-490c6eea331e,1e0dadde-3f52-4e96-a5c7-e5ffafe425da,NULL,0,NULL,0,NULL,草稿,NULL,NULL,NULL,NULL,NULL,1,0,295e169d-cf86-4077-b8a9-4c5ec42b565d,2018-05-27 13:36:28.8650733 +08:00,295e169d-cf86-4077-b8a9-4c5ec42b565d,2018-05-27 13:36:28.8650733 +08:00,0x00000000022B7D30
1382a6e3-b95a-4778-9985-2ca6036a724f,ed10131f-e811-41d9-ac5d-18f29666f3b7,NULL,4,NULL,4,NULL,民营企业,NULL,NULL,NULL,NULL,NULL,4,0,624c460c-aa32-4f56-850b-3f08fd4848bf,2019-11-04 15:20:20.1304135 +08:00,624c460c-aa32-4f56-850b-3f08fd4848bf,2019-11-04 15:20:20.1304135 +08:00,0x00000000022FCCC6
154b67d2-9846-482c-a42c-3af365decc30,d2ddcf9f-a54c-4bc7-88ee-5ed27f66b201,NULL,1,NULL,1,NULL,男,NULL,NULL,NULL,NULL,NULL,1,0,1e670c58-9bc3-4f49-9cc0-c9cc064d782a,2019-08-12 18:45:26.6799804 +08:00,1e670c58-9bc3-4f49-9cc0-c9cc064d782a,2019-08-12 18:45:26.6799804 +08:00,0x00000000022D5834
15e3eaa4-33f3-4e76-9290-8eacc5dfc927,88753ef8-08cd-427d-82a5-39be9dfa6447,NULL,7,NULL,pic_weixin,NULL,弹出微信相册发图器,NULL,NULL,NULL,NULL,NULL,10,0,295e169d-cf86-4077-b8a9-4c5ec42b565d,2018-12-31 15:06:29.2624467 +08:00,295e169d-cf86-4077-b8a9-4c5ec42b565d,2018-12-31 15:06:29.2624467 +08:00,0x00000000022B7C85
19201040-9676-444f-b468-416b3faadde9,0ebd9063-8fe2-46fe-bd34-b292a7db5401,NULL,3,NULL,del,NULL,删除,NULL,NULL,NULL,NULL,NULL,3,0,,2012-10-08 08:25:19.3126241 +08:00,,2012-10-08 08:25:19.3126241 +08:00,0x00000000000008C1
1994ad2c-8fd5-4455-b8fe-b75d3f7e12c3,4f5946ae-278c-4791-9f18-b8e29df34f9d,NULL,0,NULL,0,NULL,发送中,NULL,NULL,NULL,NULL,NULL,1,0,295e169d-cf86-4077-b8a9-4c5ec42b565d,2018-05-27 16:59:42.4556472 +08:00,295e169d-cf86-4077-b8a9-4c5ec42b565d,2018-05-27 17:01:22.7069304 +08:00,0x00000000022B7D67
1b680ec0-3fd8-40b6-b28a-99433c156b4d,6c819e09-1520-4193-a6ab-8a1615ad1798,NULL,2002,NULL,2002,NULL,客服发送消息,NULL,NULL,NULL,NULL,NULL,7,0,295e169d-cf86-4077-b8a9-4c5ec42b565d,2015-01-01 20:50:49.8242109 +08:00,295e169d-cf86-4077-b8a9-4c5ec42b565d,2015-01-01 20:50:49.8242109 +08:00,0x00000000022B7CDE
1b939301-9cd0-464c-9d9e-39daf0ba4bc4,5f509b18-b552-4b87-a633-b3230a8328af,NULL,4,NULL,4,NULL,其他业务,NULL,other,Other business,NULL,NULL,4,0,624c460c-aa32-4f56-850b-3f08fd4848bf,2019-09-06 09:31:46.2172409 +08:00,624c460c-aa32-4f56-850b-3f08fd4848bf,2019-11-05 14:46:45.8118164 +08:00,0x00000000022FD214
1d1e2ed6-192f-49b8-9479-f34d9e863f77,f4fff5cd-4042-4a26-bcef-8b2abfdfbcb9,NULL,9,NULL,9,NULL,已发送,NULL,NULL,NULL,NULL,NULL,4,0,295e169d-cf86-4077-b8a9-4c5ec42b565d,2014-12-20 19:56:07.7645055 +08:00,295e169d-cf86-4077-b8a9-4c5ec42b565d,2014-12-20 19:56:07.7645055 +08:00,0x00000000000C3562
1e27ea8b-6310-478f-bfa5-c5ea93597789,10e7e0f0-1ed5-48db-ab92-7e82d21ee23c,NULL,8,NULL,8,NULL,取消,NULL,NULL,NULL,NULL,NULL,4,0,295e169d-cf86-4077-b8a9-4c5ec42b565d,2018-11-13 22:12:38.4848834 +08:00,295e169d-cf86-4077-b8a9-4c5ec42b565d,2018-11-13 22:12:38.4848834 +08:00,0x00000000022A52D5
1e98ceb0-9457-406d-a9ff-24a86427eae9,755426d8-367a-440d-bc01-92ffb773d677,NULL,8,NULL,8,NULL,不受理,NULL,NULL,NULL,NULL,NULL,3,0,295e169d-cf86-4077-b8a9-4c5ec42b565d,2015-04-02 23:05:19.7693791 +08:00,295e169d-cf86-4077-b8a9-4c5ec42b565d,2015-04-02 23:05:19.7693791 +08:00,0x0000000000101B1B
1f01881c-4c26-448d-8da3-14b36fefb01c,0ebd9063-8fe2-46fe-bd34-b292a7db5401,NULL,6,NULL,isdel,NULL,注销,NULL,NULL,NULL,NULL,NULL,6,0,,2012-10-08 08:25:19.3146242 +08:00,,2012-10-08 08:25:19.3146242 +08:00,0x00000000000008C2
20b61f8a-b845-4b8c-b119-13d63c82087d,5f06d3f7-a393-4488-8cb8-10ee868ce764,NULL,3,NULL,3,NULL,工会工作,NULL,NULL,NULL,NULL,NULL,3,0,624c460c-aa32-4f56-850b-3f08fd4848bf,2019-11-04 16:07:46.9807161 +08:00,624c460c-aa32-4f56-850b-3f08fd4848bf,2019-11-04 16:07:46.9807161 +08:00,0x00000000022FCED1
240ee804-bb3f-4a88-943d-e829cca4dfe3,0ebd9063-8fe2-46fe-bd34-b292a7db5401,NULL,99,NULL,other,NULL,其他,NULL,NULL,NULL,NULL,NULL,8,0,,2012-10-08 08:25:19.3146242 +08:00,,2012-10-08 08:25:19.3146242 +08:00,0x00000000000008C3
247447f8-dfeb-40a0-9118-fb077af9c548,9c0f1ff5-2b08-4784-9775-5a20556e0219,NULL,0,NULL,0,NULL,草稿,NULL,NULL,NULL,NULL,NULL,1,0,295e169d-cf86-4077-b8a9-4c5ec42b565d,2015-07-26 15:32:22.9056814 +08:00,295e169d-cf86-4077-b8a9-4c5ec42b565d,2015-07-26 15:32:22.9056814 +08:00,0x00000000013A34AA
290480eb-89b8-44a8-a70c-889a9f7f134e,6ce3995b-b572-47fe-8961-be619b88cd7a,NULL,6,NULL,yearly,NULL,年,NULL,NULL,NULL,NULL,NULL,6,0,295e169d-cf86-4077-b8a9-4c5ec42b565d,2015-06-27 06:54:53.6535843 +08:00,295e169d-cf86-4077-b8a9-4c5ec42b565d,2015-06-28 12:15:09.9658514 +08:00,0x000000000017B2A3
2924a453-8222-4e98-a733-7e778400062b,b127d6ae-afe1-4c0e-a097-74a0dec8053a,NULL,2,NULL,2,NULL,文本输入消息,NULL,NULL,NULL,NULL,NULL,2,0,295e169d-cf86-4077-b8a9-4c5ec42b565d,2014-03-07 12:00:33.8132727 +08:00,295e169d-cf86-4077-b8a9-4c5ec42b565d,2014-03-07 12:00:33.8132727 +08:00,0x0000000000041EDB
29f2beb8-3ce6-4217-b1f8-0a9dcdfba59c,d06f4906-e7b4-48ca-b653-9dd0a69ad1a6,NULL,1,NULL,1,NULL,微信,NULL,NULL,NULL,NULL,NULL,2,0,295e169d-cf86-4077-b8a9-4c5ec42b565d,2014-11-29 22:48:58.1148082 +08:00,295e169d-cf86-4077-b8a9-4c5ec42b565d,2014-11-29 22:48:58.1148082 +08:00,0x00000000022B7BAD
2a179c0c-aa35-4b55-a2d9-014f1f5a5cf4,c5b81102-b2ef-447b-9443-93cb8754a58a,NULL,0,NULL,0,NULL,不推荐,NULL,NULL,NULL,NULL,NULL,1,0,624c460c-aa32-4f56-850b-3f08fd4848bf,2019-11-04 15:55:10.2734131 +08:00,624c460c-aa32-4f56-850b-3f08fd4848bf,2019-11-04 15:55:10.2734131 +08:00,0x00000000022FCEB2
2b5bb5e9-f304-46b7-a942-2f548f7cad13,8865fad6-ad55-40f7-bc96-663031ed6b57,NULL,1,NULL,1,NULL,完成,NULL,NULL,NULL,NULL,NULL,2,0,295e169d-cf86-4077-b8a9-4c5ec42b565d,2016-11-20 15:28:20.8262167 +08:00,295e169d-cf86-4077-b8a9-4c5ec42b565d,2016-11-20 15:28:20.8262167 +08:00,0x00000000013A3525
301ab97f-ceca-4c46-86c2-227237deebc7,9da4ce59-9f7f-46a2-942f-1f74a635fe14,NULL,11,NULL,11,NULL,TimeSpinner,NULL,NULL,NULL,NULL,NULL,11,0,77dec868-d001-4790-b6a4-0fa8df9a39f9,2013-01-11 21:46:21.7022064 +08:00,77dec868-d001-4790-b6a4-0fa8df9a39f9,2013-01-11 21:46:21.7022064 +08:00,0x0000000000009475
33a25213-39ae-4dcb-a8bc-1c946fe0e4a6,43bd7c80-4e1d-4fce-8c4a-80b9c826467e,NULL,3,NULL,3,NULL,单数据(Web),NULL,NULL,NULL,NULL,NULL,3,0,77dec868-d001-4790-b6a4-0fa8df9a39f9,2013-01-20 22:39:07.3389049 +08:00,77dec868-d001-4790-b6a4-0fa8df9a39f9,2013-01-20 22:39:07.3389049 +08:00,0x000000000000A46E
33d154b0-46d8-4aca-b5b1-b33a9a331d20,10e7e0f0-1ed5-48db-ab92-7e82d21ee23c,NULL,5,NULL,5,NULL,已提交,NULL,NULL,NULL,NULL,NULL,3,0,295e169d-cf86-4077-b8a9-4c5ec42b565d,2018-11-13 22:12:38.4839068 +08:00,295e169d-cf86-4077-b8a9-4c5ec42b565d,2018-11-13 22:12:38.4839068 +08:00,0x00000000022A52D4
34e44dca-c203-4cba-ac7d-f2d70e5cee16,4f5946ae-278c-4791-9f18-b8e29df34f9d,NULL,7,NULL,7,NULL,用户拒绝,NULL,NULL,NULL,NULL,NULL,3,0,295e169d-cf86-4077-b8a9-4c5ec42b565d,2018-05-27 16:59:42.4556472 +08:00,295e169d-cf86-4077-b8a9-4c5ec42b565d,2018-05-27 16:59:42.4556472 +08:00,0x00000000022B7D68
354e07cc-f9c1-41ca-a1c3-34331e4ab730,88753ef8-08cd-427d-82a5-39be9dfa6447,NULL,8,NULL,location_select,NULL,弹出地理位置选择器,NULL,NULL,NULL,NULL,NULL,11,0,295e169d-cf86-4077-b8a9-4c5ec42b565d,2015-11-17 22:01:13.0177472 +08:00,295e169d-cf86-4077-b8a9-4c5ec42b565d,2018-12-31 15:03:24.1065106 +08:00,0x00000000022B7C86
35b12507-77d6-486b-845c-d15978261dc9,b6154687-2e95-4cdc-b188-600d29176ddd,NULL,0,NULL,0,NULL,草稿,NULL,NULL,NULL,NULL,NULL,1,0,295e169d-cf86-4077-b8a9-4c5ec42b565d,2019-01-07 15:19:23.0096253 +08:00,295e169d-cf86-4077-b8a9-4c5ec42b565d,2019-01-07 15:19:23.0096253 +08:00,0x00000000022B6C05
363e6fc5-b36d-4ff4-96bb-c7480f5499f8,5d189dc6-f54d-4439-92b8-b3ce2898d016,NULL,0,NULL,0,NULL,缩略图,NULL,NULL,NULL,NULL,NULL,1,0,295e169d-cf86-4077-b8a9-4c5ec42b565d,2015-02-10 12:34:37.1729583 +08:00,24597ceb-8ffb-46a5-96c0-4d173393bb5c,2019-06-28 17:56:29.6107092 +08:00,0x00000000022CF3BF
37355e8f-15b6-45b8-b885-baced8b61a1b,11fc552c-f02d-42f2-ae40-2340d3ae0292,NULL,2,NULL,2,NULL,母亲,NULL,NULL,NULL,NULL,NULL,3,0,1e670c58-9bc3-4f49-9cc0-c9cc064d782a,2019-08-12 18:45:04.4332808 +08:00,1e670c58-9bc3-4f49-9cc0-c9cc064d782a,2019-08-12 18:45:04.4332808 +08:00,0x00000000022D5833
377c00ec-bca3-4850-8bc5-5a4ad55b6675,5f06d3f7-a393-4488-8cb8-10ee868ce764,NULL,4,NULL,4,NULL,共青团工作,NULL,NULL,NULL,NULL,NULL,4,0,624c460c-aa32-4f56-850b-3f08fd4848bf,2019-11-04 16:07:53.6280301 +08:00,624c460c-aa32-4f56-850b-3f08fd4848bf,2019-11-04 16:07:53.6285142 +08:00,0x00000000022FCED2
38b4893a-250e-4a12-bf54-395825541b37,3b3dc4fb-5be1-4599-829f-56cfb70436ac,NULL,1,NULL,1,NULL,智能电网规划及研究,NULL,NULL,NULL,NULL,NULL,1,0,624c460c-aa32-4f56-850b-3f08fd4848bf,2019-11-04 15:21:38.1622167 +08:00,624c460c-aa32-4f56-850b-3f08fd4848bf,2019-11-04 15:21:38.1622167 +08:00,0x00000000022FCCCD
38f89f99-4003-4a59-888d-b7ad1d1b89cf,f4975b4b-6a3b-4a05-9404-b7b726996121,NULL,2,NULL,2,NULL,视频文档,NULL,NULL,NULL,NULL,NULL,3,0,295e169d-cf86-4077-b8a9-4c5ec42b565d,2015-03-30 19:00:46.5144337 +08:00,295e169d-cf86-4077-b8a9-4c5ec42b565d,2015-03-30 19:00:46.5144337 +08:00,0x0000000000101632
39e8bbbf-a107-472d-add3-8482ebed3978,40e75c37-2a6b-4d37-9b30-b4cbf736bea7,NULL,13,NULL,13,NULL,外部个人[手机],NULL,NULL,NULL,NULL,NULL,5,0,295e169d-cf86-4077-b8a9-4c5ec42b565d,2016-01-22 08:55:28.9306252 +08:00,295e169d-cf86-4077-b8a9-4c5ec42b565d,2017-04-08 10:49:24.9961413 +08:00,0x00000000013A5B3B
3a2f7824-a159-420f-bf73-0e574a1a2ce7,51c77c69-126a-48ce-ae34-178cfdb851b8,NULL,3,NULL,3,NULL,发展历程,NULL,NULL,NULL,NULL,NULL,3,0,47c0bf38-8e92-43ea-8cfe-e3a7a7991e17,2019-03-21 14:29:34.9838131 +08:00,47c0bf38-8e92-43ea-8cfe-e3a7a7991e17,2019-03-21 14:29:34.9838131 +08:00,0x00000000022BA2DA
3aa95f26-9325-4ab4-86e9-aedbc9f7a04b,7740ed9c-550e-4bd0-a342-ac8ef88ee390,NULL,1,NULL,1,NULL,支付宝,NULL,NULL,NULL,NULL,NULL,1,0,295e169d-cf86-4077-b8a9-4c5ec42b565d,2015-07-27 11:24:02.8142610 +08:00,295e169d-cf86-4077-b8a9-4c5ec42b565d,2015-07-27 11:24:02.8142610 +08:00,0x00000000013A34AB
3b9c0d1d-29d6-4666-81eb-c62537fbd28f,a83d53d7-8f3f-459e-b5bb-cf215f9349a5,NULL,2,NULL,2,NULL,女,NULL,NULL,NULL,NULL,NULL,2,0,24597ceb-8ffb-46a5-96c0-4d173393bb5c,2019-07-09 17:31:59.2776374 +08:00,1e670c58-9bc3-4f49-9cc0-c9cc064d782a,2019-08-12 17:25:34.2188632 +08:00,0x00000000022D57EA
3ba22837-b202-4722-9415-9babdde746ae,5f06d3f7-a393-4488-8cb8-10ee868ce764,NULL,2,NULL,2,NULL,纪检监察,NULL,NULL,NULL,NULL,NULL,2,0,295e169d-cf86-4077-b8a9-4c5ec42b565d,2018-02-18 14:30:55.5165203 +08:00,624c460c-aa32-4f56-850b-3f08fd4848bf,2019-11-04 16:07:46.9767316 +08:00,0x00000000022FCED0
3d349ed1-fbdd-40c5-8904-97a84d36ae88,b127d6ae-afe1-4c0e-a097-74a0dec8053a,NULL,1,NULL,1,NULL,菜单Click消息,NULL,NULL,NULL,NULL,NULL,1,0,295e169d-cf86-4077-b8a9-4c5ec42b565d,2014-03-07 12:00:33.7976474 +08:00,295e169d-cf86-4077-b8a9-4c5ec42b565d,2014-03-07 12:00:33.7976474 +08:00,0x0000000000041EDA
3f2c2ce2-16be-476f-996b-4b90a3e03c4a,6c819e09-1520-4193-a6ab-8a1615ad1798,NULL,2001,NULL,2001,NULL,公众号收到消息,NULL,NULL,NULL,NULL,NULL,6,0,295e169d-cf86-4077-b8a9-4c5ec42b565d,2015-01-01 20:50:49.8232344 +08:00,295e169d-cf86-4077-b8a9-4c5ec42b565d,2015-01-01 20:50:49.8232344 +08:00,0x00000000022B7CDF
436e6f71-f0b1-458e-b32b-28bab3d1a0b5,cabea3da-6518-496b-8801-b0ec17a42320,NULL,1,NULL,1,NULL,启用,NULL,NULL,NULL,NULL,NULL,2,0,295e169d-cf86-4077-b8a9-4c5ec42b565d,2015-01-01 20:10:01.2075234 +08:00,295e169d-cf86-4077-b8a9-4c5ec42b565d,2015-01-01 20:10:01.2075234 +08:00,0x00000000022B7BFC
44453fe1-1666-4867-be32-6e69a048bd19,9da4ce59-9f7f-46a2-942f-1f74a635fe14,NULL,4,NULL,4,NULL,DateBox,NULL,NULL,NULL,NULL,NULL,4,0,,2012-10-06 08:44:53.6215167 +08:00,77dec868-d001-4790-b6a4-0fa8df9a39f9,2013-01-11 21:46:21.6852054 +08:00,0x0000000000009471
44d54fdf-bc1d-4c82-ad5e-14b70b88a1d0,7dc99e1e-b461-4090-9e35-ac56706628d8,NULL,5,NULL,5,NULL,视频消息,NULL,NULL,NULL,NULL,NULL,5,0,295e169d-cf86-4077-b8a9-4c5ec42b565d,2014-11-29 22:50:43.9968643 +08:00,295e169d-cf86-4077-b8a9-4c5ec42b565d,2014-12-25 11:44:13.6992283 +08:00,0x00000000022B7BAE
45fe0678-732b-43ae-85b5-eb2a7bce14a0,13234d17-d98f-4d7b-95b5-07596755fa61,NULL,9,NULL,9,NULL,自动回答,NULL,NULL,NULL,NULL,NULL,3,0,295e169d-cf86-4077-b8a9-4c5ec42b565d,2014-12-07 11:43:47.1351333 +08:00,295e169d-cf86-4077-b8a9-4c5ec42b565d,2014-12-07 11:43:47.1351333 +08:00,0x00000000022B7BAF
493971dd-f6d5-462d-8b56-05ba94a4c417,4f5946ae-278c-4791-9f18-b8e29df34f9d,NULL,9,NULL,9,NULL,发送成功,NULL,NULL,NULL,NULL,NULL,2,0,295e169d-cf86-4077-b8a9-4c5ec42b565d,2018-05-27 16:59:42.4556472 +08:00,295e169d-cf86-4077-b8a9-4c5ec42b565d,2018-05-27 16:59:42.4556472 +08:00,0x00000000022B7D69
49597faa-b8e2-4c7f-a3cc-889681c66185,9c0f1ff5-2b08-4784-9775-5a20556e0219,NULL,5,NULL,5,NULL,支付错误,NULL,NULL,NULL,NULL,NULL,4,0,295e169d-cf86-4077-b8a9-4c5ec42b565d,2015-07-26 15:32:22.9340434 +08:00,295e169d-cf86-4077-b8a9-4c5ec42b565d,2015-07-26 15:32:31.7145274 +08:00,0x00000000013A34AC
49dd1fd7-8ebb-4bff-ab88-d13e39cac13b,ed10131f-e811-41d9-ac5d-18f29666f3b7,NULL,1,NULL,1,NULL,政府机构,NULL,NULL,NULL,NULL,NULL,1,0,624c460c-aa32-4f56-850b-3f08fd4848bf,2019-11-04 15:19:57.6255235 +08:00,624c460c-aa32-4f56-850b-3f08fd4848bf,2019-11-06 14:12:05.3519613 +08:00,0x00000000022FD31D
4b6f24e7-1d2d-40ea-ac6c-1ece09471d8d,f09d5fb6-7e47-4ea8-a715-ec24f1183d1f,NULL,2,NULL,2,NULL,女,NULL,NULL,NULL,NULL,NULL,2,0,295e169d-cf86-4077-b8a9-4c5ec42b565d,2014-12-22 00:13:44.3705125 +08:00,295e169d-cf86-4077-b8a9-4c5ec42b565d,2014-12-22 00:13:44.3705125 +08:00,0x00000000022B7C4F
4ba21194-1d50-4277-a03e-dc3104614f58,6c1cc82b-2de5-4c7a-aa15-2f1d6d9265e8,NULL,4,NULL,4,NULL,线上技术支持,NULL,NULL,NULL,NULL,NULL,4,0,47c0bf38-8e92-43ea-8cfe-e3a7a7991e17,2019-03-21 16:21:21.7007236 +08:00,47c0bf38-8e92-43ea-8cfe-e3a7a7991e17,2019-03-21 16:21:21.7007236 +08:00,0x00000000022BA3F2
4c76466f-06a0-4da4-839d-a62d58c2548b,7dc99e1e-b461-4090-9e35-ac56706628d8,NULL,1,NULL,1,NULL,文本消息,1,NULL,NULL,NULL,NULL,1,0,295e169d-cf86-4077-b8a9-4c5ec42b565d,2014-11-29 22:50:43.9948642 +08:00,295e169d-cf86-4077-b8a9-4c5ec42b565d,2014-11-29 23:06:42.7637027 +08:00,0x00000000022B7BB0
4d861afc-3512-438f-8c12-d47c80e3fb6b,7a0d9914-9d1d-4f40-b78a-920bba2b3216,NULL,0,NULL,0,NULL,不推荐,NULL,NULL,NULL,NULL,NULL,1,0,624c460c-aa32-4f56-850b-3f08fd4848bf,2019-11-04 15:11:33.6092247 +08:00,624c460c-aa32-4f56-850b-3f08fd4848bf,2019-11-04 15:11:33.6092247 +08:00,0x00000000022FCC3D
4e0b1bdc-5140-479e-b67a-c8711d9de02f,9da4ce59-9f7f-46a2-942f-1f74a635fe14,NULL,13,NULL,13,NULL,Radio,NULL,NULL,NULL,NULL,NULL,13,0,295e169d-cf86-4077-b8a9-4c5ec42b565d,2016-05-03 06:45:24.4733385 +08:00,295e169d-cf86-4077-b8a9-4c5ec42b565d,2016-05-03 06:45:24.4733385 +08:00,0x0000000000602315
4e4e06a9-7abe-4448-b072-3a9a3b0cf7b5,ed10131f-e811-41d9-ac5d-18f29666f3b7,NULL,2,NULL,2,NULL,电网企业,NULL,NULL,NULL,NULL,NULL,2,0,624c460c-aa32-4f56-850b-3f08fd4848bf,2019-11-04 15:19:57.6265191 +08:00,624c460c-aa32-4f56-850b-3f08fd4848bf,2019-11-04 15:19:57.6265191 +08:00,0x00000000022FCCC4
50ef9e08-a9d6-458c-a1ba-a3b44e0d1f51,6c890d4a-c2ee-4445-832d-00e811980c43,NULL,3,NULL,3,NULL,首页推荐,NULL,NULL,NULL,NULL,NULL,3,0,295e169d-cf86-4077-b8a9-4c5ec42b565d,2015-02-06 14:12:22.8567287 +08:00,295e169d-cf86-4077-b8a9-4c5ec42b565d,2015-02-06 14:12:22.8567287 +08:00,0x00000000000DBCEE
51483120-dc01-4442-be7c-d379bb6fa4dc,b127d6ae-afe1-4c0e-a097-74a0dec8053a,NULL,3,NULL,3,NULL,网页请求消息,NULL,NULL,NULL,NULL,NULL,3,0,295e169d-cf86-4077-b8a9-4c5ec42b565d,2014-03-07 12:00:33.8132727 +08:00,295e169d-cf86-4077-b8a9-4c5ec42b565d,2014-03-07 12:00:33.8132727 +08:00,0x0000000000041EDC
529ec639-f540-4fbd-b20b-8c462e6632e2,6c819e09-1520-4193-a6ab-8a1615ad1798,NULL,1000,NULL,1000,NULL,创建未接入会话,NULL,NULL,NULL,NULL,NULL,1,0,295e169d-cf86-4077-b8a9-4c5ec42b565d,2015-01-01 20:49:06.1728437 +08:00,295e169d-cf86-4077-b8a9-4c5ec42b565d,2015-01-01 20:49:06.1728437 +08:00,0x00000000022B7CE0
530668d4-06d4-414e-927f-a82ca2c66fe2,f09d5fb6-7e47-4ea8-a715-ec24f1183d1f,NULL,1,NULL,1,NULL,男,NULL,NULL,NULL,NULL,NULL,1,0,295e169d-cf86-4077-b8a9-4c5ec42b565d,2014-12-22 00:13:44.3490295 +08:00,295e169d-cf86-4077-b8a9-4c5ec42b565d,2014-12-22 00:13:44.3490295 +08:00,0x00000000022B7C50
54f812b3-fbb5-4d5d-85eb-0f176098406a,f4e9fbff-5a83-4730-a8ba-fac47096bbd6,NULL,1,NULL,1,NULL,否,NULL,NULL,NULL,NULL,NULL,1,0,624c460c-aa32-4f56-850b-3f08fd4848bf,2019-11-04 14:56:16.3576767 +08:00,624c460c-aa32-4f56-850b-3f08fd4848bf,2019-11-04 14:56:16.3576767 +08:00,0x00000000022FCAD6
573569f7-810d-427c-98d7-dc484a3cc2c2,a2699954-f497-42cf-b101-48b47699cf5e,NULL,1,NULL,1,NULL,升序,NULL,NULL,NULL,NULL,NULL,1,0,,2012-10-06 22:59:00.4751507 +08:00,,2012-10-06 22:59:00.4751507 +08:00,0x0000000000000817
57713e59-ae14-417d-97e5-9bdae8667f3b,9c0f1ff5-2b08-4784-9775-5a20556e0219,NULL,10,NULL,10,NULL,已支付[同步],NULL,NULL,NULL,NULL,NULL,5,0,295e169d-cf86-4077-b8a9-4c5ec42b565d,2016-11-18 08:53:34.6218997 +08:00,295e169d-cf86-4077-b8a9-4c5ec42b565d,2016-11-21 14:51:58.0779004 +08:00,0x00000000013A34AD
578094db-90c4-4555-a5d6-dbc92fa91838,6c819e09-1520-4193-a6ab-8a1615ad1798,NULL,1005,NULL,1005,NULL,抢接会话,NULL,NULL,NULL,NULL,NULL,5,0,295e169d-cf86-4077-b8a9-4c5ec42b565d,2015-01-01 20:50:49.8222578 +08:00,295e169d-cf86-4077-b8a9-4c5ec42b565d,2015-01-01 20:50:49.8222578 +08:00,0x00000000022B7CE1
58a51d09-4623-4f5b-8782-35716c8e8e67,88753ef8-08cd-427d-82a5-39be9dfa6447,NULL,9,NULL,media_id,NULL,下发消息（除文本消息）,NULL,NULL,NULL,NULL,NULL,12,0,295e169d-cf86-4077-b8a9-4c5ec42b565d,2018-12-31 15:08:22.0579645 +08:00,295e169d-cf86-4077-b8a9-4c5ec42b565d,2018-12-31 15:08:58.8989829 +08:00,0x00000000022B7C87
595427a4-3358-45ab-8b02-7424e7f784e5,51c77c69-126a-48ce-ae34-178cfdb851b8,NULL,2,NULL,2,NULL,关于团队,NULL,NULL,NULL,NULL,NULL,2,0,47c0bf38-8e92-43ea-8cfe-e3a7a7991e17,2019-03-21 14:29:34.9828099 +08:00,47c0bf38-8e92-43ea-8cfe-e3a7a7991e17,2019-03-21 14:29:34.9828099 +08:00,0x00000000022BA2D9
5a9f0168-1bae-4c9c-b9b5-d8c29ca01d79,90fa0bcc-c24a-45da-a124-d3a01ea9a6b5,NULL,1000,NULL,1000,NULL,保留作者信息,NULL,NULL,NULL,NULL,NULL,2,0,295e169d-cf86-4077-b8a9-4c5ec42b565d,2015-02-06 13:06:16.9644657 +08:00,295e169d-cf86-4077-b8a9-4c5ec42b565d,2015-02-06 13:11:13.9738139 +08:00,0x00000000000DBAFE
5b004a60-db42-4b3d-833c-dd54d7922b95,2bd9e132-d76b-49a5-80d7-c1d9beb9e0c5,NULL,3,NULL,3,NULL,文案设计,NULL,NULL,NULL,NULL,NULL,3,0,295e169d-cf86-4077-b8a9-4c5ec42b565d,2015-02-06 12:53:18.0596348 +08:00,295e169d-cf86-4077-b8a9-4c5ec42b565d,2015-02-06 12:53:18.0596348 +08:00,0x00000000000DBA80
5da0e04f-5798-4458-814b-66758d7c0d49,13234d17-d98f-4d7b-95b5-07596755fa61,NULL,1,NULL,1,NULL,答,NULL,NULL,NULL,NULL,NULL,2,0,295e169d-cf86-4077-b8a9-4c5ec42b565d,2014-12-07 11:43:47.1341567 +08:00,295e169d-cf86-4077-b8a9-4c5ec42b565d,2014-12-07 11:43:47.1341567 +08:00,0x00000000022B7BB1
5e3d9a35-b143-4e62-bace-b4dc9eeb26e1,6c819e09-1520-4193-a6ab-8a1615ad1798,NULL,2003,NULL,2003,NULL,客服收到消息,NULL,NULL,NULL,NULL,NULL,8,0,295e169d-cf86-4077-b8a9-4c5ec42b565d,2015-01-01 20:50:49.8261640 +08:00,295e169d-cf86-4077-b8a9-4c5ec42b565d,2015-01-01 20:50:49.8261640 +08:00,0x00000000022B7CE2
60c08f3c-29dd-4800-af9c-af4f5865b5d8,88753ef8-08cd-427d-82a5-39be9dfa6447,NULL,99,NULL,folder,NULL,文件夹,NULL,NULL,NULL,NULL,NULL,2,0,295e169d-cf86-4077-b8a9-4c5ec42b565d,2014-03-11 10:00:35.1622910 +08:00,295e169d-cf86-4077-b8a9-4c5ec42b565d,2018-12-31 15:08:31.8451282 +08:00,0x00000000022B7C88
6336a923-1bb4-4ae4-85bb-810bc10322fa,4f5946ae-278c-4791-9f18-b8e29df34f9d,NULL,8,NULL,8,NULL,其他错误,NULL,NULL,NULL,NULL,NULL,4,0,295e169d-cf86-4077-b8a9-4c5ec42b565d,2018-05-27 16:59:42.4556472 +08:00,295e169d-cf86-4077-b8a9-4c5ec42b565d,2018-05-27 16:59:42.4556472 +08:00,0x00000000022B7D6A
6355fe73-5f65-47e9-a7fb-6714f8a5745a,f4975b4b-6a3b-4a05-9404-b7b726996121,NULL,1,NULL,1,NULL,内容图片,NULL,NULL,NULL,NULL,NULL,2,0,295e169d-cf86-4077-b8a9-4c5ec42b565d,2015-03-30 19:00:46.5075835 +08:00,295e169d-cf86-4077-b8a9-4c5ec42b565d,2015-03-30 19:00:46.5075835 +08:00,0x0000000000101633
65b32935-affd-4f79-8444-9cd126142826,88753ef8-08cd-427d-82a5-39be9dfa6447,NULL,2,NULL,view,NULL,Url地址,NULL,NULL,NULL,NULL,NULL,4,0,295e169d-cf86-4077-b8a9-4c5ec42b565d,2014-02-28 09:57:25.2596381 +08:00,295e169d-cf86-4077-b8a9-4c5ec42b565d,2014-02-28 09:57:25.2596381 +08:00,0x00000000022B7C89
66dc9501-8bc5-4693-a106-0638196d72fe,19879ae9-907f-4e0c-a0e0-1e79e36209d9,NULL,1,NULL,1,NULL,支付宝,NULL,NULL,NULL,NULL,NULL,1,0,295e169d-cf86-4077-b8a9-4c5ec42b565d,2018-11-13 21:55:44.0601888 +08:00,295e169d-cf86-4077-b8a9-4c5ec42b565d,2018-11-13 21:55:44.0601888 +08:00,0x00000000022A52A1
69033fff-bc0a-4201-bc48-30494e97cf3b,66836d49-04c4-4275-b83b-bdfd93172592,NULL,8,NULL,8,NULL,已删除,NULL,NULL,NULL,NULL,NULL,4,0,295e169d-cf86-4077-b8a9-4c5ec42b565d,2014-12-20 22:00:16.5287480 +08:00,295e169d-cf86-4077-b8a9-4c5ec42b565d,2014-12-25 21:59:28.0595690 +08:00,0x00000000000C50E1
6a7e7a31-bb52-4a23-adba-ee234fcad0a9,19879ae9-907f-4e0c-a0e0-1e79e36209d9,NULL,3,NULL,3,NULL,网银,NULL,NULL,NULL,NULL,NULL,3,0,295e169d-cf86-4077-b8a9-4c5ec42b565d,2018-11-13 21:55:44.0631186 +08:00,295e169d-cf86-4077-b8a9-4c5ec42b565d,2018-11-13 21:55:44.0631186 +08:00,0x00000000022A52A3
6addb590-95e7-4c64-9f4b-c09ee35abb49,40e75c37-2a6b-4d37-9b30-b4cbf736bea7,NULL,15,NULL,15,NULL,外部企业[手机],NULL,NULL,NULL,NULL,NULL,6,0,295e169d-cf86-4077-b8a9-4c5ec42b565d,2017-04-08 10:49:56.0076404 +08:00,295e169d-cf86-4077-b8a9-4c5ec42b565d,2017-04-08 10:49:56.0076404 +08:00,0x00000000013A5B3C
6b000015-fa0f-46fb-8e7f-290e52c393f6,7740ed9c-550e-4bd0-a342-ac8ef88ee390,NULL,2,NULL,2,NULL,微信支付,NULL,NULL,NULL,NULL,NULL,2,0,295e169d-cf86-4077-b8a9-4c5ec42b565d,2015-07-27 11:24:24.0529394 +08:00,295e169d-cf86-4077-b8a9-4c5ec42b565d,2015-07-27 11:24:24.0529394 +08:00,0x00000000013A34AE
6b6a30e6-93fa-4679-8cd3-65994710379d,292079f5-2d94-4b70-8541-149bf46db16c,NULL,1,NULL,1,NULL,表,1,NULL,NULL,NULL,NULL,2,0,,2012-10-06 22:55:35.0884032 +08:00,,2012-10-25 09:08:08.8425696 +08:00,0x00000000000007E8
6d873211-62dd-4f50-b4bb-8397618cc352,5f509b18-b552-4b87-a633-b3230a8328af,NULL,2,NULL,2,NULL,智慧能源,NULL,energy,Smart energy,NULL,NULL,2,0,24597ceb-8ffb-46a5-96c0-4d173393bb5c,2019-06-25 16:46:52.6546909 +08:00,624c460c-aa32-4f56-850b-3f08fd4848bf,2019-11-05 14:46:22.1432883 +08:00,0x00000000022FD212
6f96b03d-8c63-4b24-8e4e-23b3e04386b7,d5c0e0ba-37f9-40b0-999f-8eb4507a8821,NULL,1,NULL,1,NULL,原创作品,NULL,NULL,NULL,NULL,NULL,1,0,295e169d-cf86-4077-b8a9-4c5ec42b565d,2015-02-06 12:54:11.2601857 +08:00,295e169d-cf86-4077-b8a9-4c5ec42b565d,2015-02-06 12:54:11.2601857 +08:00,0x00000000000DBA82
6faa8b86-cb35-4c2a-815b-3a370627db47,9a054fb5-108c-4d9c-8fac-24230f62967f,NULL,1,NULL,1,NULL,行业的产品关联,NULL,NULL,NULL,NULL,NULL,1,0,24597ceb-8ffb-46a5-96c0-4d173393bb5c,2019-07-08 09:23:23.0744878 +08:00,24597ceb-8ffb-46a5-96c0-4d173393bb5c,2019-07-08 09:23:23.0744878 +08:00,0x00000000022D18FB
712f66ce-b424-4da9-be7c-355cc6d07097,40e75c37-2a6b-4d37-9b30-b4cbf736bea7,NULL,1,NULL,1,NULL,内部系统[PC],NULL,NULL,NULL,NULL,NULL,1,0,295e169d-cf86-4077-b8a9-4c5ec42b565d,2016-01-21 22:44:57.2083431 +08:00,295e169d-cf86-4077-b8a9-4c5ec42b565d,2016-01-22 08:55:28.9247518 +08:00,0x00000000013A5B3D
71da1cab-66ee-478f-89bd-3a41e9083c41,9da4ce59-9f7f-46a2-942f-1f74a635fe14,NULL,9,NULL,9,NULL,NumberBox,NULL,NULL,NULL,NULL,NULL,9,0,77dec868-d001-4790-b6a4-0fa8df9a39f9,2013-01-11 21:46:21.7002063 +08:00,77dec868-d001-4790-b6a4-0fa8df9a39f9,2013-01-11 21:46:21.7002063 +08:00,0x0000000000009473
722d4141-538f-4fcb-af81-7a486d70f314,7740ed9c-550e-4bd0-a342-ac8ef88ee390,NULL,9,NULL,9,NULL,线下付款,NULL,NULL,NULL,NULL,NULL,4,0,295e169d-cf86-4077-b8a9-4c5ec42b565d,2017-01-31 22:43:39.9779459 +08:00,295e169d-cf86-4077-b8a9-4c5ec42b565d,2017-01-31 22:43:39.9779459 +08:00,0x00000000013A34AF
72361e20-5923-407b-86f0-2e0c4b963403,5f887af1-99af-4e26-900f-64206fb2b986,NULL,1,NULL,1,NULL,已支付,NULL,NULL,NULL,NULL,NULL,2,0,295e169d-cf86-4077-b8a9-4c5ec42b565d,2016-12-17 16:57:10.6402132 +08:00,295e169d-cf86-4077-b8a9-4c5ec42b565d,2016-12-17 16:57:10.6402132 +08:00,0x00000000013A3541
7271218e-822a-449c-a452-d311a1d4f91c,90fa0bcc-c24a-45da-a124-d3a01ea9a6b5,NULL,0,NULL,0000,NULL,不使用原创版权,NULL,NULL,NULL,NULL,NULL,1,0,295e169d-cf86-4077-b8a9-4c5ec42b565d,2015-02-06 13:06:16.9410297 +08:00,295e169d-cf86-4077-b8a9-4c5ec42b565d,2015-02-06 13:16:08.6003615 +08:00,0x00000000000DBB08
7281f8b8-6d69-4e9e-ab8f-588d323718ed,f649016b-5ffb-42e5-97db-fe67e3cfef58,NULL,3,NULL,3,NULL,行业动态,NULL,NULL,NULL,NULL,NULL,3,0,624c460c-aa32-4f56-850b-3f08fd4848bf,2019-11-04 15:54:18.3642067 +08:00,624c460c-aa32-4f56-850b-3f08fd4848bf,2019-11-04 15:54:18.3642067 +08:00,0x00000000022FCE65
73084e19-198d-4730-a99a-ea6b4cefdf7f,13234d17-d98f-4d7b-95b5-07596755fa61,NULL,0,NULL,0,NULL,问,NULL,NULL,NULL,NULL,NULL,1,0,295e169d-cf86-4077-b8a9-4c5ec42b565d,2014-12-07 11:43:47.1126715 +08:00,295e169d-cf86-4077-b8a9-4c5ec42b565d,2014-12-07 11:43:47.1126715 +08:00,0x00000000022B7BB2
7504ef7e-e05d-426f-a6e4-d04ce6ed42f3,7740ed9c-550e-4bd0-a342-ac8ef88ee390,NULL,10,NULL,10,NULL,补录付款,NULL,NULL,NULL,NULL,NULL,5,0,295e169d-cf86-4077-b8a9-4c5ec42b565d,2017-01-31 22:44:10.2489352 +08:00,295e169d-cf86-4077-b8a9-4c5ec42b565d,2017-01-31 22:44:10.2489352 +08:00,0x00000000013A34B0
75a8a213-2b75-43b0-822e-42ad7d059fe9,c5b81102-b2ef-447b-9443-93cb8754a58a,NULL,1,NULL,1,NULL,推荐,NULL,NULL,NULL,NULL,NULL,2,0,624c460c-aa32-4f56-850b-3f08fd4848bf,2019-11-04 15:55:05.4905416 +08:00,624c460c-aa32-4f56-850b-3f08fd4848bf,2019-11-04 15:55:05.4905416 +08:00,0x00000000022FCEB3
7677dfc5-7549-49b2-b5cd-32fedd6f0995,292079f5-2d94-4b70-8541-149bf46db16c,NULL,0,NULL,0,NULL,文件夹,NULL,NULL,NULL,NULL,NULL,1,0,,2012-10-06 22:55:35.0874032 +08:00,,2012-10-06 22:55:35.0874032 +08:00,0x00000000000007E9
7863d319-d590-4ae9-8994-ef8dcfec35c4,51c77c69-126a-48ce-ae34-178cfdb851b8,NULL,4,NULL,4,NULL,联系我们,NULL,NULL,NULL,NULL,NULL,4,0,47c0bf38-8e92-43ea-8cfe-e3a7a7991e17,2019-03-21 14:29:34.9848131 +08:00,47c0bf38-8e92-43ea-8cfe-e3a7a7991e17,2019-03-21 14:29:34.9848131 +08:00,0x00000000022BA2DB
78cf902c-1eeb-4120-ac77-9b8e86a940df,9da4ce59-9f7f-46a2-942f-1f74a635fe14,NULL,7,NULL,7,NULL,ForeignKey,NULL,NULL,NULL,NULL,NULL,7,0,,2012-10-06 08:44:53.6235168 +08:00,,2012-10-06 08:44:53.6235168 +08:00,0x0000000000000818
78f712bf-bfaf-4f35-bdc9-5c652f74e389,40e75c37-2a6b-4d37-9b30-b4cbf736bea7,NULL,3,NULL,3,NULL,外部个人[PC],NULL,NULL,NULL,NULL,NULL,2,0,295e169d-cf86-4077-b8a9-4c5ec42b565d,2016-01-21 22:44:57.2103009 +08:00,295e169d-cf86-4077-b8a9-4c5ec42b565d,2017-04-08 10:49:24.9941827 +08:00,0x00000000013A5B3E
792125ca-4ae1-4238-9954-6f6e7558382d,34b1f476-cf38-481f-9a5e-124fec42350b,NULL,2,NULL,2,NULL,轮番,NULL,NULL,NULL,NULL,NULL,2,0,295e169d-cf86-4077-b8a9-4c5ec42b565d,2015-08-07 22:40:10.3926031 +08:00,295e169d-cf86-4077-b8a9-4c5ec42b565d,2015-08-07 22:40:10.3926031 +08:00,0x00000000001AEFD8
79626cb8-c5f5-4e64-be95-99645fc970e0,edbe3e28-8cac-47d3-a7f8-9d42c404924e,NULL,1,NULL,1,NULL,推荐,NULL,NULL,NULL,NULL,NULL,2,0,624c460c-aa32-4f56-850b-3f08fd4848bf,2019-11-04 15:16:13.9289567 +08:00,624c460c-aa32-4f56-850b-3f08fd4848bf,2019-11-04 15:16:13.9289567 +08:00,0x00000000022FCC51
7bf60c4f-8b5c-4d44-b6e5-42e94cbfafa1,86edf78d-1e8f-4e54-92cc-1cc5ad3a4ce1,NULL,0,NULL,0,NULL,草稿,NULL,NULL,NULL,NULL,NULL,1,0,295e169d-cf86-4077-b8a9-4c5ec42b565d,2016-11-20 15:27:27.4821253 +08:00,295e169d-cf86-4077-b8a9-4c5ec42b565d,2016-11-20 15:27:27.4821253 +08:00,0x00000000013A34D4
7d61e491-65b9-4fdd-8a47-7d00c2507b27,19879ae9-907f-4e0c-a0e0-1e79e36209d9,NULL,2,NULL,2,NULL,微信,NULL,NULL,NULL,NULL,NULL,2,0,295e169d-cf86-4077-b8a9-4c5ec42b565d,2018-11-13 21:55:44.0621420 +08:00,295e169d-cf86-4077-b8a9-4c5ec42b565d,2018-11-13 21:55:44.0621420 +08:00,0x00000000022A52A2
7d8c4de2-36c4-4e63-9f69-1a84b60308c7,b6154687-2e95-4cdc-b188-600d29176ddd,NULL,9,NULL,9,NULL,发送成功,NULL,NULL,NULL,NULL,NULL,3,0,295e169d-cf86-4077-b8a9-4c5ec42b565d,2019-01-07 15:19:23.0125511 +08:00,295e169d-cf86-4077-b8a9-4c5ec42b565d,2019-01-07 15:19:23.0125511 +08:00,0x00000000022B6C07
7da8f107-f7a1-4bfb-9b0f-0b29c5497d40,6c1cc82b-2de5-4c7a-aa15-2f1d6d9265e8,NULL,1,NULL,1,NULL,在线视频培训,NULL,NULL,NULL,NULL,NULL,1,0,47c0bf38-8e92-43ea-8cfe-e3a7a7991e17,2019-03-21 16:21:21.6937193 +08:00,47c0bf38-8e92-43ea-8cfe-e3a7a7991e17,2019-03-21 16:21:21.6937193 +08:00,0x00000000022BA3EF
7deac688-57a7-4b11-beda-0e701ac04a47,4b739eb8-b3d2-497f-b772-55d6ae66e57b,NULL,0,NULL,0,NULL,草稿,NULL,NULL,NULL,NULL,NULL,1,0,1e670c58-9bc3-4f49-9cc0-c9cc064d782a,2019-08-12 18:13:26.3455201 +08:00,1e670c58-9bc3-4f49-9cc0-c9cc064d782a,2019-08-12 19:01:12.7979118 +08:00,0x00000000022D58D5
7e533e69-bb23-47cf-8406-9a13b373c2b7,88167f12-c412-4730-8184-9f81c8e05112,NULL,1,NULL,1,NULL,微信,NULL,NULL,NULL,NULL,NULL,2,0,295e169d-cf86-4077-b8a9-4c5ec42b565d,2014-03-07 11:58:57.2801693 +08:00,295e169d-cf86-4077-b8a9-4c5ec42b565d,2014-03-07 11:58:57.2801693 +08:00,0x0000000000041ED8
7ec70697-b701-48eb-9bd5-a02727121e71,25816d8f-c3ab-453b-ba34-6c0a441a38ed,NULL,2,NULL,2,NULL,其它,NULL,NULL,NULL,NULL,NULL,2,0,295e169d-cf86-4077-b8a9-4c5ec42b565d,2016-05-16 08:55:32.6125484 +08:00,295e169d-cf86-4077-b8a9-4c5ec42b565d,2016-10-15 09:22:23.4961904 +08:00,0x0000000000B7FDC5
7ee3c1ea-6556-4465-a834-c14df272d868,f4975b4b-6a3b-4a05-9404-b7b726996121,NULL,3,NULL,3,NULL,声音文档,NULL,NULL,NULL,NULL,NULL,4,0,295e169d-cf86-4077-b8a9-4c5ec42b565d,2015-03-30 19:00:46.5124765 +08:00,295e169d-cf86-4077-b8a9-4c5ec42b565d,2015-03-30 19:00:46.5124765 +08:00,0x0000000000101634
7f2cee4b-d819-4979-84b3-bd7837a3c70d,f4fff5cd-4042-4a26-bcef-8b2abfdfbcb9,NULL,8,NULL,8,NULL,取消,NULL,NULL,NULL,NULL,NULL,3,0,295e169d-cf86-4077-b8a9-4c5ec42b565d,2014-12-20 19:56:07.7605991 +08:00,295e169d-cf86-4077-b8a9-4c5ec42b565d,2014-12-20 19:56:07.7605991 +08:00,0x00000000000C3561
81d1bf97-f425-480d-aa11-5aa8f5f89a6e,4b739eb8-b3d2-497f-b772-55d6ae66e57b,NULL,1,NULL,1,NULL,发布,NULL,NULL,NULL,NULL,NULL,2,0,1e670c58-9bc3-4f49-9cc0-c9cc064d782a,2019-08-12 18:13:33.2129861 +08:00,1e670c58-9bc3-4f49-9cc0-c9cc064d782a,2019-08-12 19:01:12.7994134 +08:00,0x00000000022D58D6
81d3d474-a293-439f-bda2-0f4066678c05,40e75c37-2a6b-4d37-9b30-b4cbf736bea7,NULL,5,NULL,5,NULL,外部企业[PC],NULL,NULL,NULL,NULL,NULL,3,0,295e169d-cf86-4077-b8a9-4c5ec42b565d,2017-04-08 10:49:56.0047025 +08:00,295e169d-cf86-4077-b8a9-4c5ec42b565d,2017-04-08 10:49:56.0047025 +08:00,0x00000000013A5B3F
84518785-4a27-426d-a358-a81c524526a2,7dc99e1e-b461-4090-9e35-ac56706628d8,NULL,2,NULL,2,NULL,图文消息,NULL,NULL,NULL,NULL,NULL,2,0,295e169d-cf86-4077-b8a9-4c5ec42b565d,2014-12-25 11:44:50.4184117 +08:00,295e169d-cf86-4077-b8a9-4c5ec42b565d,2014-12-25 11:44:50.4184117 +08:00,0x00000000022B7BB3
84523251-3dc8-4bd9-b16a-ce546d8f8524,9c0f1ff5-2b08-4784-9775-5a20556e0219,NULL,8,NULL,8,NULL,已取消,NULL,NULL,NULL,NULL,NULL,2,0,295e169d-cf86-4077-b8a9-4c5ec42b565d,2015-07-26 15:32:22.9076374 +08:00,295e169d-cf86-4077-b8a9-4c5ec42b565d,2015-07-26 15:32:22.9076374 +08:00,0x00000000013A34B1
8549e452-6ad1-4b19-bd2a-22007c069e12,6c819e09-1520-4193-a6ab-8a1615ad1798,NULL,101,NULL,1001,NULL,接入会话,NULL,NULL,NULL,NULL,NULL,2,0,295e169d-cf86-4077-b8a9-4c5ec42b565d,2015-01-01 20:49:06.1796797 +08:00,295e169d-cf86-4077-b8a9-4c5ec42b565d,2015-01-01 20:49:06.1796797 +08:00,0x00000000022B7CE3
868ba231-7076-49bd-9272-d39e8a450bbb,6c819e09-1520-4193-a6ab-8a1615ad1798,NULL,1002,NULL,1002,NULL,主动发起会话,NULL,NULL,NULL,NULL,NULL,3,0,295e169d-cf86-4077-b8a9-4c5ec42b565d,2015-01-01 20:49:06.1806562 +08:00,295e169d-cf86-4077-b8a9-4c5ec42b565d,2015-01-01 20:49:06.1806562 +08:00,0x00000000022B7CE4
89beb9b3-a13b-4992-b12b-727cd6d4b7dd,445bf8a8-a426-4ff6-82dc-3fc789466114,NULL,2,NULL,2,NULL,2222,NULL,NULL,NULL,NULL,NULL,2,0,1e670c58-9bc3-4f49-9cc0-c9cc064d782a,2019-08-23 10:32:46.0294098 +08:00,1e670c58-9bc3-4f49-9cc0-c9cc064d782a,2019-08-23 10:32:46.0294098 +08:00,0x00000000022DA5FB
8b74a9f3-d1ce-4842-8124-9b319e15c70f,90fa0bcc-c24a-45da-a124-d3a01ea9a6b5,NULL,1011,NULL,1011,NULL,保留作者信息-禁止修改作品-更改版权信息,NULL,NULL,NULL,NULL,NULL,4,0,295e169d-cf86-4077-b8a9-4c5ec42b565d,2015-02-06 13:08:21.7348002 +08:00,295e169d-cf86-4077-b8a9-4c5ec42b565d,2015-02-06 13:15:44.9158583 +08:00,0x00000000000DBB06
8f75f881-6998-4d97-aa0b-404961ecea10,7a7932b6-58dd-4e2f-ae70-1a2940be5aca,NULL,2,NULL,2,NULL,分类2,NULL,NULL,NULL,NULL,NULL,2,0,295e169d-cf86-4077-b8a9-4c5ec42b565d,2016-07-25 20:11:14.3614956 +08:00,295e169d-cf86-4077-b8a9-4c5ec42b565d,2016-07-25 20:11:14.3614956 +08:00,0x00000000008B4BB6
9070404f-d3f9-478c-a327-90fada97356e,9da4ce59-9f7f-46a2-942f-1f74a635fe14,NULL,3,NULL,3,NULL,CheckBox,NULL,NULL,NULL,NULL,NULL,3,0,,2012-10-06 08:44:53.6215167 +08:00,,2012-10-06 08:44:53.6215167 +08:00,0x0000000000000819
9097e0a4-8edc-4a32-bd19-66dcdae294ad,6c890d4a-c2ee-4445-832d-00e811980c43,NULL,2,NULL,2,NULL,编辑推荐,NULL,NULL,NULL,NULL,NULL,2,0,295e169d-cf86-4077-b8a9-4c5ec42b565d,2015-02-06 14:12:22.8352435 +08:00,295e169d-cf86-4077-b8a9-4c5ec42b565d,2015-02-06 14:12:22.8352435 +08:00,0x00000000000DBCED
911298ef-1a76-445d-9326-eb531c5e8f97,40e75c37-2a6b-4d37-9b30-b4cbf736bea7,NULL,11,NULL,11,NULL,内部系统[手机],NULL,NULL,NULL,NULL,NULL,4,0,295e169d-cf86-4077-b8a9-4c5ec42b565d,2016-01-22 08:55:28.9296463 +08:00,295e169d-cf86-4077-b8a9-4c5ec42b565d,2016-01-22 08:55:28.9296463 +08:00,0x00000000013A5B40
916ee85a-0aa1-4086-b808-4344ccd09f34,88753ef8-08cd-427d-82a5-39be9dfa6447,NULL,3,NULL,scancode_push,NULL,扫码推事件,NULL,NULL,NULL,NULL,NULL,6,0,295e169d-cf86-4077-b8a9-4c5ec42b565d,2014-03-11 11:02:56.3921888 +08:00,295e169d-cf86-4077-b8a9-4c5ec42b565d,2018-12-31 14:59:39.2128273 +08:00,0x00000000022B7C8A
9339b106-1173-499a-9ddf-0d9472a55a07,3b3dc4fb-5be1-4599-829f-56cfb70436ac,NULL,2,NULL,2,NULL,智能能源、能源互联网及智慧城市,NULL,NULL,NULL,NULL,NULL,2,0,624c460c-aa32-4f56-850b-3f08fd4848bf,2019-11-04 15:22:03.8965150 +08:00,624c460c-aa32-4f56-850b-3f08fd4848bf,2019-11-04 15:22:03.8965150 +08:00,0x00000000022FCCCE
93753bda-85c1-4b8e-a9c3-ed04ec27a9b3,66836d49-04c4-4275-b83b-bdfd93172592,NULL,1,NULL,1,NULL,已上传,NULL,NULL,NULL,NULL,NULL,2,0,295e169d-cf86-4077-b8a9-4c5ec42b565d,2014-12-20 22:00:16.5160535 +08:00,295e169d-cf86-4077-b8a9-4c5ec42b565d,2014-12-25 21:59:09.4006494 +08:00,0x00000000000C50E0
94f7f06a-58c1-452f-9e21-353682740ea0,0ebd9063-8fe2-46fe-bd34-b292a7db5401,NULL,98,NULL,action,NULL,公共接口,NULL,NULL,NULL,NULL,NULL,7,0,,2012-10-08 08:25:54.4716350 +08:00,,2012-10-08 08:25:54.4716350 +08:00,0x00000000000008C4
956430d9-3f1e-4b8c-b6ac-3882124d2f86,f4fff5cd-4042-4a26-bcef-8b2abfdfbcb9,NULL,1,NULL,1,NULL,上传,NULL,NULL,NULL,NULL,NULL,2,0,295e169d-cf86-4077-b8a9-4c5ec42b565d,2014-12-20 19:56:07.7586459 +08:00,295e169d-cf86-4077-b8a9-4c5ec42b565d,2014-12-20 19:56:07.7586459 +08:00,0x00000000000C3560
967f63e1-21d7-4929-b884-34fb5330d846,2bd9e132-d76b-49a5-80d7-c1d9beb9e0c5,NULL,2,NULL,2,NULL,平面设计,NULL,NULL,NULL,NULL,NULL,2,0,295e169d-cf86-4077-b8a9-4c5ec42b565d,2015-02-06 12:53:18.0567053 +08:00,295e169d-cf86-4077-b8a9-4c5ec42b565d,2015-02-06 12:53:18.0567053 +08:00,0x00000000000DBA7F
97164233-67e6-4c9e-8a17-096cf7e0cd7d,0ebd9063-8fe2-46fe-bd34-b292a7db5401,NULL,4,NULL,move,NULL,移动,NULL,NULL,NULL,NULL,NULL,4,0,,2012-10-08 08:25:19.3126241 +08:00,,2012-10-08 08:25:19.3126241 +08:00,0x00000000000008C5
977d0ab3-cebb-4661-a155-d8825d965d0d,19879ae9-907f-4e0c-a0e0-1e79e36209d9,NULL,9,NULL,9,NULL,线下付款,NULL,NULL,NULL,NULL,NULL,4,0,295e169d-cf86-4077-b8a9-4c5ec42b565d,2018-11-13 21:55:44.0640952 +08:00,295e169d-cf86-4077-b8a9-4c5ec42b565d,2018-11-13 21:55:44.0640952 +08:00,0x00000000022A52A4
9905a831-bda9-4fef-ba16-48184690810a,54e4b355-d0c8-4ff6-a66b-dd4fcf624aba,NULL,1,NULL,1,NULL,推荐,NULL,NULL,NULL,NULL,NULL,2,0,624c460c-aa32-4f56-850b-3f08fd4848bf,2019-11-04 16:25:02.3938362 +08:00,624c460c-aa32-4f56-850b-3f08fd4848bf,2019-11-04 16:25:02.3938362 +08:00,0x00000000022FCFEC
995ce141-bef7-4a59-a4ad-2f3fcce8a1eb,9da4ce59-9f7f-46a2-942f-1f74a635fe14,NULL,8,NULL,8,NULL,DropDownTree,NULL,NULL,NULL,NULL,NULL,8,0,77dec868-d001-4790-b6a4-0fa8df9a39f9,2013-01-11 21:46:21.6972061 +08:00,77dec868-d001-4790-b6a4-0fa8df9a39f9,2013-01-11 21:46:21.6972061 +08:00,0x0000000000009472
9a9a4f40-7cb3-4d92-941b-07a2f312ade9,6c1cc82b-2de5-4c7a-aa15-2f1d6d9265e8,NULL,3,NULL,3,NULL,项目,NULL,NULL,NULL,NULL,NULL,3,0,47c0bf38-8e92-43ea-8cfe-e3a7a7991e17,2019-03-21 16:21:21.6997222 +08:00,47c0bf38-8e92-43ea-8cfe-e3a7a7991e17,2019-03-21 16:21:21.6997222 +08:00,0x00000000022BA3F1
9b150ff9-10c5-4f0e-9465-6987623a861d,755426d8-367a-440d-bc01-92ffb773d677,NULL,0,NULL,0,NULL,未受理,NULL,NULL,NULL,NULL,NULL,1,0,295e169d-cf86-4077-b8a9-4c5ec42b565d,2015-04-02 23:05:19.7625429 +08:00,295e169d-cf86-4077-b8a9-4c5ec42b565d,2015-04-02 23:05:19.7625429 +08:00,0x0000000000101B19
9d05e182-6d72-43fe-bc65-b143b4f47c9d,86edf78d-1e8f-4e54-92cc-1cc5ad3a4ce1,NULL,8,NULL,8,NULL,失败,NULL,NULL,NULL,NULL,NULL,3,0,295e169d-cf86-4077-b8a9-4c5ec42b565d,2016-11-20 17:29:49.9498335 +08:00,295e169d-cf86-4077-b8a9-4c5ec42b565d,2016-11-20 17:29:49.9498335 +08:00,0x00000000013A34D5
9d97ce71-1f0e-4ef1-a6c4-c254a1f1ba10,90fa0bcc-c24a-45da-a124-d3a01ea9a6b5,NULL,1110,NULL,1110,NULL,保留作者信息-禁止商业使用-禁止修改作品,NULL,NULL,NULL,NULL,NULL,5,0,295e169d-cf86-4077-b8a9-4c5ec42b565d,2015-02-06 13:11:13.9796735 +08:00,295e169d-cf86-4077-b8a9-4c5ec42b565d,2015-02-06 13:15:18.7849721 +08:00,0x00000000000DBB05
9da061f1-fde7-4e66-9758-3b6c19238488,88753ef8-08cd-427d-82a5-39be9dfa6447,NULL,10,NULL,view_limited,NULL,跳转图文消息URL,NULL,NULL,NULL,NULL,NULL,13,0,295e169d-cf86-4077-b8a9-4c5ec42b565d,2018-12-31 15:08:22.0589424 +08:00,295e169d-cf86-4077-b8a9-4c5ec42b565d,2018-12-31 15:08:38.6449705 +08:00,0x00000000022B7C8B
9f7ba181-3f4e-4b67-94a4-ef4f97ee0ec2,34b1f476-cf38-481f-9a5e-124fec42350b,NULL,1,NULL,1,NULL,内容,NULL,NULL,NULL,NULL,NULL,1,0,295e169d-cf86-4077-b8a9-4c5ec42b565d,2015-08-07 22:40:10.3896691 +08:00,295e169d-cf86-4077-b8a9-4c5ec42b565d,2015-08-07 22:40:10.3896691 +08:00,0x00000000001AEFD7
9fa2dbbe-99e6-429e-80d5-f66a0a3f6e6a,51c77c69-126a-48ce-ae34-178cfdb851b8,NULL,1,NULL,1,NULL,关于我们,NULL,NULL,NULL,NULL,NULL,1,0,47c0bf38-8e92-43ea-8cfe-e3a7a7991e17,2019-03-21 14:29:34.9818090 +08:00,47c0bf38-8e92-43ea-8cfe-e3a7a7991e17,2019-03-21 14:29:34.9818090 +08:00,0x00000000022BA2D8
a0464d6e-6b72-4bf0-8123-3f09fa2075e1,11fc552c-f02d-42f2-ae40-2340d3ae0292,NULL,0,NULL,0,NULL,无,NULL,NULL,NULL,NULL,NULL,1,0,1e670c58-9bc3-4f49-9cc0-c9cc064d782a,2019-08-12 18:44:58.5086711 +08:00,1e670c58-9bc3-4f49-9cc0-c9cc064d782a,2019-08-12 18:44:58.5086711 +08:00,0x00000000022D5831
a0f6bdca-bbbd-43aa-85ee-2f0904d0f866,9c0f1ff5-2b08-4784-9775-5a20556e0219,NULL,9,NULL,9,NULL,已支付[异步],NULL,NULL,NULL,NULL,NULL,3,0,295e169d-cf86-4077-b8a9-4c5ec42b565d,2015-07-26 15:32:22.9311094 +08:00,295e169d-cf86-4077-b8a9-4c5ec42b565d,2016-11-18 08:53:34.6062746 +08:00,0x00000000013A34B2
a1104472-a93e-4522-ae50-11c7c77eb0d3,6c890d4a-c2ee-4445-832d-00e811980c43,NULL,1,NULL,1,NULL,普通推荐,NULL,NULL,NULL,NULL,NULL,1,0,295e169d-cf86-4077-b8a9-4c5ec42b565d,2015-02-06 14:12:22.8293839 +08:00,295e169d-cf86-4077-b8a9-4c5ec42b565d,2015-02-06 14:12:22.8293839 +08:00,0x00000000000DBCEC
a570ce12-f5bd-4305-b02c-3cb970843774,8070f1b9-18c3-4cf6-9939-b8aaaad109b9,NULL,1,NULL,1,NULL,微信,NULL,NULL,NULL,NULL,NULL,1,0,295e169d-cf86-4077-b8a9-4c5ec42b565d,2015-01-01 19:37:37.2598674 +08:00,295e169d-cf86-4077-b8a9-4c5ec42b565d,2015-01-01 19:37:37.2598674 +08:00,0x00000000022B7BFD
a7ee4a40-547f-4bbf-94db-56b3d14c1d95,10e7e0f0-1ed5-48db-ab92-7e82d21ee23c,NULL,9,NULL,9,NULL,成功,NULL,NULL,NULL,NULL,NULL,2,0,295e169d-cf86-4077-b8a9-4c5ec42b565d,2018-11-13 22:12:38.4819536 +08:00,295e169d-cf86-4077-b8a9-4c5ec42b565d,2018-11-13 22:12:38.4819536 +08:00,0x00000000022A52D3
a96156b0-c596-4215-aebe-f8832b00a220,6ce3995b-b572-47fe-8961-be619b88cd7a,NULL,5,NULL,monthly,NULL,月,NULL,NULL,NULL,NULL,NULL,5,0,295e169d-cf86-4077-b8a9-4c5ec42b565d,2015-06-27 06:54:53.6516283 +08:00,295e169d-cf86-4077-b8a9-4c5ec42b565d,2015-06-28 12:15:09.9648734 +08:00,0x000000000017B2A2
aa8e1c28-a90d-4d62-9ae5-31a067d5e397,7dc99e1e-b461-4090-9e35-ac56706628d8,NULL,3,NULL,3,NULL,图片消息,NULL,NULL,NULL,NULL,NULL,3,0,295e169d-cf86-4077-b8a9-4c5ec42b565d,2014-11-29 22:50:43.9958643 +08:00,295e169d-cf86-4077-b8a9-4c5ec42b565d,2014-12-25 11:44:34.6443685 +08:00,0x00000000022B7BB4
acd190a4-45aa-425b-a5a4-5a924c334fe4,86edf78d-1e8f-4e54-92cc-1cc5ad3a4ce1,NULL,9,NULL,9,NULL,完成,NULL,NULL,NULL,NULL,NULL,2,0,295e169d-cf86-4077-b8a9-4c5ec42b565d,2016-11-20 15:27:27.4821253 +08:00,295e169d-cf86-4077-b8a9-4c5ec42b565d,2016-11-20 15:27:27.4821253 +08:00,0x00000000013A34D6
ad58cd06-0993-43e1-bd9b-eef892b2f1a5,6ce3995b-b572-47fe-8961-be619b88cd7a,NULL,1,NULL,always,NULL,时时,NULL,NULL,NULL,NULL,NULL,1,0,295e169d-cf86-4077-b8a9-4c5ec42b565d,2015-06-27 06:54:53.6222883 +08:00,295e169d-cf86-4077-b8a9-4c5ec42b565d,2015-06-28 12:15:09.9433574 +08:00,0x000000000017B29E
ae2804d6-0130-460c-9c12-e10d11dfe2a2,328c0bbe-c59f-493c-95ba-a7bcf7f8a55f,NULL,2,NULL,2,NULL,查询窗体,1,NULL,NULL,NULL,NULL,2,0,,2012-10-06 23:11:39.2695512 +08:00,77dec868-d001-4790-b6a4-0fa8df9a39f9,2013-01-30 21:24:53.6154298 +08:00,0x000000000000B3CA
af155693-b6a4-43d7-933e-b1b1793a5e86,88753ef8-08cd-427d-82a5-39be9dfa6447,NULL,90,NULL,scancode,NULL,生成二维码,NULL,NULL,NULL,NULL,NULL,14,0,295e169d-cf86-4077-b8a9-4c5ec42b565d,2018-12-31 15:09:41.5237104 +08:00,295e169d-cf86-4077-b8a9-4c5ec42b565d,2018-12-31 15:17:34.3375880 +08:00,0x00000000022B7C8C
b0b5e68f-74bf-477e-a83e-f1d353141395,88753ef8-08cd-427d-82a5-39be9dfa6447,NULL,5,NULL,pic_sysphoto,NULL,弹出系统拍照,NULL,NULL,NULL,NULL,NULL,8,0,295e169d-cf86-4077-b8a9-4c5ec42b565d,2018-12-31 15:06:29.2585360 +08:00,295e169d-cf86-4077-b8a9-4c5ec42b565d,2018-12-31 15:06:29.2585360 +08:00,0x00000000022B7C8D
b1169acf-c999-4eb0-82d0-bce5f60e4e9d,9da4ce59-9f7f-46a2-942f-1f74a635fe14,NULL,5,NULL,5,NULL,RichTextBox,NULL,NULL,NULL,NULL,NULL,5,0,,2012-10-06 08:44:53.6225167 +08:00,,2012-10-06 08:44:53.6225167 +08:00,0x000000000000081A
b1f0720e-375f-4da0-b6cf-9fe605f2898a,88753ef8-08cd-427d-82a5-39be9dfa6447,NULL,4,NULL,scancode_waitmsg,NULL,扫码推事件2,NULL,NULL,NULL,NULL,NULL,7,0,295e169d-cf86-4077-b8a9-4c5ec42b565d,2018-12-31 15:03:24.1113914 +08:00,295e169d-cf86-4077-b8a9-4c5ec42b565d,2018-12-31 15:03:24.1113914 +08:00,0x00000000022B7C8E
b38cf14b-a9a2-479e-a54a-58a576997ff8,25816d8f-c3ab-453b-ba34-6c0a441a38ed,NULL,1,NULL,1,NULL,商品参数,NULL,NULL,NULL,NULL,NULL,1,0,295e169d-cf86-4077-b8a9-4c5ec42b565d,2016-05-16 08:55:32.6125484 +08:00,295e169d-cf86-4077-b8a9-4c5ec42b565d,2016-10-15 09:22:23.4961904 +08:00,0x0000000000B7FDC4
b3ac2395-82fd-4097-8eec-5084a97c1b5b,cabea3da-6518-496b-8801-b0ec17a42320,NULL,0,NULL,0,NULL,新建,NULL,NULL,NULL,NULL,NULL,1,0,295e169d-cf86-4077-b8a9-4c5ec42b565d,2015-01-01 20:10:01.2026406 +08:00,295e169d-cf86-4077-b8a9-4c5ec42b565d,2015-01-01 20:10:01.2026406 +08:00,0x00000000022B7BFE
b3d7824b-2cc9-42e9-9fcf-b87565021966,3c7992b5-6c38-4549-b7e2-ab8604ffe5f5,NULL,2,NULL,2,NULL,校园招聘,NULL,NULL,NULL,NULL,NULL,2,0,624c460c-aa32-4f56-850b-3f08fd4848bf,2019-11-07 11:27:15.0682001 +08:00,624c460c-aa32-4f56-850b-3f08fd4848bf,2019-11-07 11:27:15.0682001 +08:00,0x00000000022FD551
b65154c1-fbf5-4f50-971b-4ae4436e17a4,6ce3995b-b572-47fe-8961-be619b88cd7a,NULL,4,NULL,weekly,NULL,周,NULL,NULL,NULL,NULL,NULL,4,0,295e169d-cf86-4077-b8a9-4c5ec42b565d,2015-06-27 06:54:53.6496723 +08:00,295e169d-cf86-4077-b8a9-4c5ec42b565d,2015-06-28 12:15:09.9638954 +08:00,0x000000000017B2A1
b68e1225-fd24-410b-8c1b-b26a3de1e476,ed10131f-e811-41d9-ac5d-18f29666f3b7,NULL,3,NULL,3,NULL,能源央企,NULL,NULL,NULL,NULL,NULL,3,0,624c460c-aa32-4f56-850b-3f08fd4848bf,2019-11-04 15:20:09.0141869 +08:00,624c460c-aa32-4f56-850b-3f08fd4848bf,2019-11-04 15:20:09.0141869 +08:00,0x00000000022FCCC5
b7d7926d-088f-47f4-b466-43d67ab38f88,629650f4-8dfc-4f93-85ea-86c5881335cc,NULL,99,NULL,99,NULL,其它文件,NULL,NULL,NULL,NULL,NULL,2,0,295e169d-cf86-4077-b8a9-4c5ec42b565d,2015-07-18 12:20:12.3210546 +08:00,295e169d-cf86-4077-b8a9-4c5ec42b565d,2015-07-18 12:20:12.3210546 +08:00,0x000000000019859D
b9ac2346-8148-4bf4-9c34-c42ffd5d0bf8,66836d49-04c4-4275-b83b-bdfd93172592,NULL,9,NULL,9,NULL,已发送,NULL,NULL,NULL,NULL,NULL,5,0,295e169d-cf86-4077-b8a9-4c5ec42b565d,2014-12-20 22:00:16.5307010 +08:00,295e169d-cf86-4077-b8a9-4c5ec42b565d,2014-12-20 22:00:16.5307010 +08:00,0x00000000000C3AE1
bc2905cb-c3d9-42e7-8835-023fc652b7fd,7a7932b6-58dd-4e2f-ae70-1a2940be5aca,NULL,1,NULL,1,NULL,分类1,NULL,NULL,NULL,NULL,NULL,1,0,295e169d-cf86-4077-b8a9-4c5ec42b565d,2016-07-25 20:11:14.3614956 +08:00,295e169d-cf86-4077-b8a9-4c5ec42b565d,2016-07-25 20:11:14.3614956 +08:00,0x00000000008B4BB5
bd5ac767-2722-425c-ad6a-bb8a29325f92,9da4ce59-9f7f-46a2-942f-1f74a635fe14,NULL,2,NULL,2,NULL,TextBox,1,NULL,NULL,NULL,NULL,2,0,,2012-10-06 08:44:53.6195165 +08:00,,2012-10-06 08:44:53.6195165 +08:00,0x000000000000081B
bfcb3163-5cda-41cd-b628-b11288776f8c,2bd9e132-d76b-49a5-80d7-c1d9beb9e0c5,NULL,1,NULL,1,NULL,网页设计,NULL,NULL,NULL,NULL,NULL,1,0,295e169d-cf86-4077-b8a9-4c5ec42b565d,2015-02-06 12:53:17.9121833 +08:00,295e169d-cf86-4077-b8a9-4c5ec42b565d,2015-02-06 12:53:17.9121833 +08:00,0x00000000000DBA7E
c1eadc9a-3c01-464b-a25c-54778cf8606a,5f06d3f7-a393-4488-8cb8-10ee868ce764,NULL,1,NULL,1,NULL,党建工作,NULL,NULL,NULL,NULL,NULL,1,0,295e169d-cf86-4077-b8a9-4c5ec42b565d,2018-02-18 14:30:55.5165203 +08:00,624c460c-aa32-4f56-850b-3f08fd4848bf,2019-11-04 16:07:46.9752308 +08:00,0x00000000022FCECF
c466cbe0-3636-491a-a0bc-17ff462dd231,88167f12-c412-4730-8184-9f81c8e05112,NULL,0,NULL,0,NULL,系统,NULL,NULL,NULL,NULL,NULL,1,0,295e169d-cf86-4077-b8a9-4c5ec42b565d,2014-03-07 11:58:57.2645440 +08:00,295e169d-cf86-4077-b8a9-4c5ec42b565d,2014-03-07 11:58:57.2645440 +08:00,0x0000000000041ED7
c5723ce9-e87b-4440-b11e-dd9c740350b6,54e4b355-d0c8-4ff6-a66b-dd4fcf624aba,NULL,0,NULL,0,NULL,不推荐,NULL,NULL,NULL,NULL,NULL,1,0,624c460c-aa32-4f56-850b-3f08fd4848bf,2019-11-04 16:25:07.8136481 +08:00,624c460c-aa32-4f56-850b-3f08fd4848bf,2019-11-04 16:25:07.8136481 +08:00,0x00000000022FCFED
c6b2478e-1832-4d31-a702-3904d107d170,0ebd9063-8fe2-46fe-bd34-b292a7db5401,NULL,2,NULL,upp,NULL,修改,NULL,NULL,NULL,NULL,NULL,2,0,,2012-10-08 08:25:19.3116240 +08:00,,2012-10-08 08:25:19.3116240 +08:00,0x00000000000008C6
c70270ab-a82d-49e0-a315-4d57ed4e03cb,5f509b18-b552-4b87-a633-b3230a8328af,NULL,3,NULL,3,NULL,工程评审,NULL,review,Engineering review,NULL,NULL,3,0,1e670c58-9bc3-4f49-9cc0-c9cc064d782a,2019-08-12 14:43:38.2837524 +08:00,624c460c-aa32-4f56-850b-3f08fd4848bf,2019-11-05 14:46:35.4611586 +08:00,0x00000000022FD213
c8dd574c-f5d4-400a-a3b1-b0f2870ad873,328c0bbe-c59f-493c-95ba-a7bcf7f8a55f,NULL,1,NULL,1,NULL,下列列表,0,NULL,NULL,NULL,NULL,1,0,,2012-10-06 23:11:39.2695512 +08:00,,2012-10-06 23:11:53.0733408 +08:00,0x0000000000000870
ca5b07de-6a8c-471c-a0f5-33bc9fbcad82,68170932-018d-4d4a-91d7-79aeebbf71d5,NULL,0,NULL,0,NULL,缩略图,NULL,NULL,NULL,NULL,NULL,1,0,295e169d-cf86-4077-b8a9-4c5ec42b565d,2015-09-12 15:19:29.2031937 +08:00,295e169d-cf86-4077-b8a9-4c5ec42b565d,2015-09-12 15:19:29.2031937 +08:00,0x000000000214AB91
cb610487-6724-4939-856b-45fdd590f350,d2ddcf9f-a54c-4bc7-88ee-5ed27f66b201,NULL,2,NULL,2,NULL,女,NULL,NULL,NULL,NULL,NULL,2,0,1e670c58-9bc3-4f49-9cc0-c9cc064d782a,2019-08-12 18:45:26.6844968 +08:00,1e670c58-9bc3-4f49-9cc0-c9cc064d782a,2019-08-12 18:45:26.6844968 +08:00,0x00000000022D5835
cbdb11b1-fc61-4705-8aa6-ce19e6e9bb22,9da4ce59-9f7f-46a2-942f-1f74a635fe14,NULL,10,NULL,10,NULL,NumberSpinner,NULL,NULL,NULL,NULL,NULL,10,0,77dec868-d001-4790-b6a4-0fa8df9a39f9,2013-01-11 21:46:21.7012063 +08:00,77dec868-d001-4790-b6a4-0fa8df9a39f9,2013-01-11 21:46:21.7012063 +08:00,0x0000000000009474
cc8960b4-ce9c-46f7-a71e-a0e87dc113c2,f4975b4b-6a3b-4a05-9404-b7b726996121,NULL,0,NULL,0,NULL,标题图片,NULL,NULL,NULL,NULL,NULL,1,0,295e169d-cf86-4077-b8a9-4c5ec42b565d,2015-03-30 19:00:46.5046477 +08:00,295e169d-cf86-4077-b8a9-4c5ec42b565d,2015-03-30 19:00:46.5046477 +08:00,0x0000000000101635
cd8b51de-f61d-4c67-8291-edda072ab006,d1b34f60-846a-4e0d-bb91-aa75505679fc,NULL,0,NULL,0,NULL,缩略图,NULL,NULL,NULL,NULL,NULL,1,0,295e169d-cf86-4077-b8a9-4c5ec42b565d,2015-11-07 13:33:13.8035435 +08:00,295e169d-cf86-4077-b8a9-4c5ec42b565d,2015-11-07 13:33:13.8035435 +08:00,0x00000000003055A0
d03ddd43-1e0f-4b83-ad03-879c1b7c7901,9a054fb5-108c-4d9c-8fac-24230f62967f,NULL,2,NULL,2,NULL,应用的产品关联,NULL,NULL,NULL,NULL,NULL,2,0,24597ceb-8ffb-46a5-96c0-4d173393bb5c,2019-07-08 09:24:28.5080960 +08:00,24597ceb-8ffb-46a5-96c0-4d173393bb5c,2019-07-08 09:24:28.5080960 +08:00,0x00000000022D18FC
d1b2f29a-bc00-42c2-aecc-60f8139593bf,7c89a957-b278-47af-9e2f-8b7489bc2b8c,NULL,1,NULL,1,NULL,微信,NULL,NULL,NULL,NULL,NULL,1,0,295e169d-cf86-4077-b8a9-4c5ec42b565d,2015-01-01 20:42:47.4897524 +08:00,295e169d-cf86-4077-b8a9-4c5ec42b565d,2015-01-01 20:42:47.4897524 +08:00,0x00000000022B7C11
d1e55a69-662c-4e46-98ae-7ed72a7e1845,0ebd9063-8fe2-46fe-bd34-b292a7db5401,NULL,5,NULL,paste,NULL,粘贴,NULL,NULL,NULL,NULL,NULL,5,0,,2012-10-08 08:25:19.3136241 +08:00,,2012-10-08 08:25:19.3136241 +08:00,0x00000000000008C7
d251c3d4-9bc3-41f5-a426-4e541e174ef3,5f509b18-b552-4b87-a633-b3230a8328af,NULL,1,NULL,1,NULL,市场开发,NULL,development,Market Development,NULL,NULL,1,0,24597ceb-8ffb-46a5-96c0-4d173393bb5c,2019-06-25 16:46:52.6546909 +08:00,624c460c-aa32-4f56-850b-3f08fd4848bf,2019-11-05 14:45:50.9509172 +08:00,0x00000000022FD210
d25bbf68-95b9-4a92-bc47-042436be9cc3,b6154687-2e95-4cdc-b188-600d29176ddd,NULL,8,NULL,8,NULL,发送失败,NULL,NULL,NULL,NULL,NULL,2,0,295e169d-cf86-4077-b8a9-4c5ec42b565d,2019-01-07 15:19:23.0105971 +08:00,295e169d-cf86-4077-b8a9-4c5ec42b565d,2019-01-07 15:19:23.0105971 +08:00,0x00000000022B6C06
d4f6ecd1-4a6a-47f1-8dc3-eccd01bdf231,a83d53d7-8f3f-459e-b5bb-cf215f9349a5,NULL,1,NULL,1,NULL,男,NULL,NULL,NULL,NULL,NULL,1,0,24597ceb-8ffb-46a5-96c0-4d173393bb5c,2019-07-09 17:31:53.9143271 +08:00,1e670c58-9bc3-4f49-9cc0-c9cc064d782a,2019-08-12 17:25:34.2176623 +08:00,0x00000000022D57E9
d5410b43-d55b-47fb-bb2b-9adb5a230165,cabea3da-6518-496b-8801-b0ec17a42320,NULL,8,NULL,8,NULL,注销,NULL,NULL,NULL,NULL,NULL,3,0,295e169d-cf86-4077-b8a9-4c5ec42b565d,2015-01-01 20:10:01.2085000 +08:00,295e169d-cf86-4077-b8a9-4c5ec42b565d,2015-01-01 20:10:01.2085000 +08:00,0x00000000022B7BFF
d5638601-6680-4d02-adb2-7d19e97a74eb,9da4ce59-9f7f-46a2-942f-1f74a635fe14,NULL,1,NULL,1,NULL,Lable,NULL,NULL,NULL,NULL,NULL,1,0,,2012-10-06 08:44:53.6185165 +08:00,,2012-10-06 08:44:53.6185165 +08:00,0x000000000000081C
d85f9bab-33bc-49f4-aefb-61c2a5ce1890,d5c0e0ba-37f9-40b0-999f-8eb4507a8821,NULL,2,NULL,2,NULL,临摹作品,NULL,NULL,NULL,NULL,NULL,2,0,295e169d-cf86-4077-b8a9-4c5ec42b565d,2015-02-06 12:54:11.2660453 +08:00,295e169d-cf86-4077-b8a9-4c5ec42b565d,2015-02-06 12:54:11.2660453 +08:00,0x00000000000DBA83
d91d1206-ba98-4efb-9f80-453157930883,90fa0bcc-c24a-45da-a124-d3a01ea9a6b5,NULL,1111,NULL,1111,NULL,保留作者信息-禁止商业使用、修改作品、更改版权,NULL,NULL,NULL,NULL,NULL,6,0,295e169d-cf86-4077-b8a9-4c5ec42b565d,2015-02-06 13:15:02.9728415 +08:00,295e169d-cf86-4077-b8a9-4c5ec42b565d,2015-02-06 13:15:52.2764925 +08:00,0x00000000000DBB07
d99a9f74-b1fc-4c0c-9153-7d9ce61b023a,88753ef8-08cd-427d-82a5-39be9dfa6447,NULL,20,NULL,miniprogram,NULL,小程序,NULL,NULL,NULL,NULL,NULL,5,0,295e169d-cf86-4077-b8a9-4c5ec42b565d,2018-12-31 15:52:39.1305279 +08:00,295e169d-cf86-4077-b8a9-4c5ec42b565d,2018-12-31 16:15:48.7017374 +08:00,0x00000000022B7C8F
da2edf81-e6f7-451f-8292-fc6690f89cd1,a2699954-f497-42cf-b101-48b47699cf5e,NULL,2,NULL,2,NULL,降序,NULL,NULL,NULL,NULL,NULL,2,0,,2012-10-06 22:59:00.4761507 +08:00,,2012-10-06 22:59:18.9272061 +08:00,0x000000000000081D
dc0f74be-80dc-4118-aeb0-a9dedb073707,8865fad6-ad55-40f7-bc96-663031ed6b57,NULL,0,NULL,0,NULL,草稿,NULL,NULL,NULL,NULL,NULL,1,0,295e169d-cf86-4077-b8a9-4c5ec42b565d,2016-11-20 15:28:20.8262167 +08:00,295e169d-cf86-4077-b8a9-4c5ec42b565d,2016-11-20 15:28:20.8262167 +08:00,0x00000000013A3526
dc375f31-bb01-4a4f-a0df-822fc47acad4,7a0d9914-9d1d-4f40-b78a-920bba2b3216,NULL,1,NULL,1,NULL,推荐,NULL,NULL,NULL,NULL,NULL,2,0,295e169d-cf86-4077-b8a9-4c5ec42b565d,2018-02-18 12:37:56.0337119 +08:00,295e169d-cf86-4077-b8a9-4c5ec42b565d,2018-02-18 12:37:56.0337119 +08:00,0x00000000022FCC3E
dfa11d63-095f-4138-98de-6a4de123813b,6ce3995b-b572-47fe-8961-be619b88cd7a,NULL,3,NULL,daily,NULL,天,NULL,NULL,NULL,NULL,NULL,3,0,295e169d-cf86-4077-b8a9-4c5ec42b565d,2015-06-27 06:54:53.6457603 +08:00,295e169d-cf86-4077-b8a9-4c5ec42b565d,2015-06-28 12:15:09.9619394 +08:00,0x000000000017B2A0
e0b0756a-3bfd-4be2-953d-803cea95c9a9,7740ed9c-550e-4bd0-a342-ac8ef88ee390,NULL,3,NULL,3,NULL,网银,NULL,NULL,NULL,NULL,NULL,3,0,295e169d-cf86-4077-b8a9-4c5ec42b565d,2015-07-27 11:24:24.0558740 +08:00,295e169d-cf86-4077-b8a9-4c5ec42b565d,2015-07-27 11:24:24.0558740 +08:00,0x00000000013A34B3
e1a0f8ff-9349-4b1e-98ad-9ca9d93bd08d,19879ae9-907f-4e0c-a0e0-1e79e36209d9,NULL,10,NULL,10,NULL,补录付款,NULL,NULL,NULL,NULL,NULL,5,0,295e169d-cf86-4077-b8a9-4c5ec42b565d,2018-11-13 21:55:44.0650718 +08:00,295e169d-cf86-4077-b8a9-4c5ec42b565d,2018-11-13 21:55:44.0650718 +08:00,0x00000000022A52A5
e1b4deeb-0308-4f68-9520-79d70b3bd96c,11fc552c-f02d-42f2-ae40-2340d3ae0292,NULL,1,NULL,1,NULL,父亲,NULL,NULL,NULL,NULL,NULL,2,0,1e670c58-9bc3-4f49-9cc0-c9cc064d782a,2019-08-12 18:44:58.5161921 +08:00,1e670c58-9bc3-4f49-9cc0-c9cc064d782a,2019-08-12 18:44:58.5161921 +08:00,0x00000000022D5832
e1fb35a6-aee2-4e5a-8d30-0a0a5d4f38c8,6c819e09-1520-4193-a6ab-8a1615ad1798,NULL,1004,NULL,1004,NULL,关闭会话,NULL,NULL,NULL,NULL,NULL,4,0,295e169d-cf86-4077-b8a9-4c5ec42b565d,2015-01-01 20:50:49.8173750 +08:00,295e169d-cf86-4077-b8a9-4c5ec42b565d,2015-01-01 20:50:49.8173750 +08:00,0x00000000022B7CE5
e3bda911-ff79-4d07-aeee-4807d71bf232,04cf53c5-0904-4f36-9d80-28c47ed73141,NULL,1,NULL,1,NULL,短信,NULL,NULL,NULL,NULL,NULL,1,0,295e169d-cf86-4077-b8a9-4c5ec42b565d,2019-01-07 12:11:17.1923608 +08:00,295e169d-cf86-4077-b8a9-4c5ec42b565d,2019-01-07 12:11:17.1923608 +08:00,0x00000000022B6BA9
e54858f6-b065-42dd-8ce7-3841dd01b87f,d06f4906-e7b4-48ca-b653-9dd0a69ad1a6,NULL,0,NULL,0,NULL,系统登录,NULL,NULL,NULL,NULL,NULL,1,0,295e169d-cf86-4077-b8a9-4c5ec42b565d,2014-11-29 22:48:58.1138082 +08:00,295e169d-cf86-4077-b8a9-4c5ec42b565d,2014-11-29 22:48:58.1138082 +08:00,0x00000000022B7BB5
e5baee56-e185-49cd-98d0-c22062ceb0a8,9da4ce59-9f7f-46a2-942f-1f74a635fe14,NULL,12,NULL,12,NULL,DateTimeBox,NULL,NULL,NULL,NULL,NULL,12,0,77dec868-d001-4790-b6a4-0fa8df9a39f9,2013-01-11 21:46:21.7032065 +08:00,77dec868-d001-4790-b6a4-0fa8df9a39f9,2013-01-11 21:46:21.7032065 +08:00,0x0000000000009476
e629c42d-d0f2-4f80-8125-9e054a77cab3,3c7992b5-6c38-4549-b7e2-ab8604ffe5f5,NULL,1,NULL,1,NULL,社会招聘,NULL,NULL,NULL,NULL,NULL,1,0,624c460c-aa32-4f56-850b-3f08fd4848bf,2019-11-07 11:27:08.6205981 +08:00,624c460c-aa32-4f56-850b-3f08fd4848bf,2019-11-07 11:27:08.6205981 +08:00,0x00000000022FD550
e7488bd9-6f77-42fa-a177-26e1d10016fc,1e0dadde-3f52-4e96-a5c7-e5ffafe425da,NULL,9,NULL,9,NULL,已发送,NULL,NULL,NULL,NULL,NULL,2,0,295e169d-cf86-4077-b8a9-4c5ec42b565d,2018-05-27 13:36:28.8650733 +08:00,295e169d-cf86-4077-b8a9-4c5ec42b565d,2018-05-27 13:36:28.8650733 +08:00,0x00000000022B7D31
eb280a9f-1101-4bd9-8256-ed8e10aa228f,7dc99e1e-b461-4090-9e35-ac56706628d8,NULL,6,NULL,5,NULL,地理位置消息,NULL,NULL,NULL,NULL,NULL,6,0,295e169d-cf86-4077-b8a9-4c5ec42b565d,2014-11-29 22:50:43.9978644 +08:00,295e169d-cf86-4077-b8a9-4c5ec42b565d,2014-12-25 11:44:06.8493559 +08:00,0x00000000022B7BB6
ebb4248f-869e-427e-bbf4-286f52ca6fdf,f649016b-5ffb-42e5-97db-fe67e3cfef58,NULL,4,NULL,4,NULL,通知通告,NULL,NULL,NULL,NULL,NULL,4,0,624c460c-aa32-4f56-850b-3f08fd4848bf,2019-11-04 15:54:25.2994057 +08:00,624c460c-aa32-4f56-850b-3f08fd4848bf,2019-11-04 15:54:25.2994057 +08:00,0x00000000022FCE66
ec1ed50b-e4bd-47f0-91f2-89ddf801f1fd,f4e9fbff-5a83-4730-a8ba-fac47096bbd6,NULL,2,NULL,2,NULL,是,NULL,NULL,NULL,NULL,NULL,2,0,624c460c-aa32-4f56-850b-3f08fd4848bf,2019-11-04 14:56:16.3596625 +08:00,624c460c-aa32-4f56-850b-3f08fd4848bf,2019-11-04 14:56:16.3596625 +08:00,0x00000000022FCAD7
ec4856e1-5cfe-4dc2-b3ba-0b0220df40d6,7dc99e1e-b461-4090-9e35-ac56706628d8,NULL,4,NULL,4,NULL,语音消息,NULL,NULL,NULL,NULL,NULL,4,0,295e169d-cf86-4077-b8a9-4c5ec42b565d,2014-11-29 22:50:43.9968643 +08:00,295e169d-cf86-4077-b8a9-4c5ec42b565d,2014-12-25 11:44:27.8218409 +08:00,0x00000000022B7BB7
edcb0b8d-c57e-4b38-b861-89d86c737512,7dc99e1e-b461-4090-9e35-ac56706628d8,NULL,7,NULL,6,NULL,链接消息,NULL,NULL,NULL,NULL,NULL,7,0,295e169d-cf86-4077-b8a9-4c5ec42b565d,2014-11-29 22:50:43.9978644 +08:00,295e169d-cf86-4077-b8a9-4c5ec42b565d,2014-12-25 11:44:00.8286169 +08:00,0x00000000022B7BB8
ef117c19-afbb-4290-9afe-2b0c30d01a9d,6ce3995b-b572-47fe-8961-be619b88cd7a,NULL,2,NULL,hourly,NULL,小时,NULL,NULL,NULL,NULL,NULL,2,0,295e169d-cf86-4077-b8a9-4c5ec42b565d,2015-06-27 06:54:53.6438043 +08:00,295e169d-cf86-4077-b8a9-4c5ec42b565d,2015-06-28 12:15:09.9599834 +08:00,0x000000000017B29F
f25b2c5d-eadf-47e1-a235-372853c74a65,43bd7c80-4e1d-4fce-8c4a-80b9c826467e,NULL,2,NULL,2,NULL,单数据(WinForm),NULL,NULL,NULL,NULL,NULL,2,0,,2012-10-11 11:57:59.1572060 +08:00,,2012-10-11 11:57:59.1572060 +08:00,0x0000000000000914
f76f1c43-4db6-46e7-9048-109ec0e3ee65,3868375a-75b0-4f73-bda7-c52684efce98,NULL,0,NULL,0,NULL,缩略图,NULL,NULL,NULL,NULL,NULL,1,0,295e169d-cf86-4077-b8a9-4c5ec42b565d,2018-02-19 13:33:17.0355296 +08:00,295e169d-cf86-4077-b8a9-4c5ec42b565d,2018-02-19 13:33:17.0355296 +08:00,0x00000000022D4815
f7c6390a-8e7a-49aa-97a6-44115f39f242,f4fff5cd-4042-4a26-bcef-8b2abfdfbcb9,NULL,0,NULL,0,NULL,草稿,NULL,NULL,NULL,NULL,NULL,1,0,295e169d-cf86-4077-b8a9-4c5ec42b565d,2014-12-20 19:56:07.7547395 +08:00,295e169d-cf86-4077-b8a9-4c5ec42b565d,2014-12-20 19:56:07.7547395 +08:00,0x00000000000C355F
fa1151e6-b19c-4b8b-8588-ed11bed2fd18,68170932-018d-4d4a-91d7-79aeebbf71d5,NULL,1,NULL,1,NULL,正文图片,NULL,NULL,NULL,NULL,NULL,3,0,295e169d-cf86-4077-b8a9-4c5ec42b565d,2015-09-12 15:19:29.2061274 +08:00,295e169d-cf86-4077-b8a9-4c5ec42b565d,2015-09-12 15:19:29.2061274 +08:00,0x000000000214AB93
faa31bb3-c2bf-45f4-a31c-e5583fca0d86,6c1cc82b-2de5-4c7a-aa15-2f1d6d9265e8,NULL,2,NULL,2,NULL,在线帮助文档,NULL,NULL,NULL,NULL,NULL,2,0,47c0bf38-8e92-43ea-8cfe-e3a7a7991e17,2019-03-21 16:21:21.6987217 +08:00,47c0bf38-8e92-43ea-8cfe-e3a7a7991e17,2019-03-21 16:21:21.6987217 +08:00,0x00000000022BA3F0
fbff0539-3205-4a55-af54-5353aed24c78,f649016b-5ffb-42e5-97db-fe67e3cfef58,NULL,1,NULL,1,NULL,企业动态,NULL,NULL,NULL,NULL,NULL,1,0,624c460c-aa32-4f56-850b-3f08fd4848bf,2019-11-04 15:54:09.6189855 +08:00,624c460c-aa32-4f56-850b-3f08fd4848bf,2019-11-04 15:54:09.6189855 +08:00,0x00000000022FCE62
fcdff7e4-0f37-44ca-8a99-4e20b7b14861,88753ef8-08cd-427d-82a5-39be9dfa6447,NULL,6,NULL,pic_photo_or_album,NULL,弹出拍照或者相册,NULL,NULL,NULL,NULL,NULL,9,0,295e169d-cf86-4077-b8a9-4c5ec42b565d,2018-12-31 15:06:29.2604992 +08:00,295e169d-cf86-4077-b8a9-4c5ec42b565d,2018-12-31 15:06:29.2604992 +08:00,0x00000000022B7C90
fd0d8ae9-1b57-4f81-9462-98f61f581e28,827aab61-b7d4-408b-bf91-be9347bf476e,NULL,1,NULL,1,NULL,默认图片,NULL,NULL,NULL,NULL,NULL,1,0,295e169d-cf86-4077-b8a9-4c5ec42b565d,2016-07-10 07:44:10.7421891 +08:00,295e169d-cf86-4077-b8a9-4c5ec42b565d,2016-07-10 07:44:10.7421891 +08:00,0x000000000085271D
feaa88e9-22d4-449c-b31f-70ac54bd24a3,f649016b-5ffb-42e5-97db-fe67e3cfef58,NULL,2,NULL,2,NULL,集团要闻,NULL,NULL,NULL,NULL,NULL,2,0,624c460c-aa32-4f56-850b-3f08fd4848bf,2019-11-04 15:54:09.6209878 +08:00,624c460c-aa32-4f56-850b-3f08fd4848bf,2019-11-04 15:54:18.3335588 +08:00,0x00000000022FCE64
feffae35-ef94-48d4-aa6f-0caacefbc042,66836d49-04c4-4275-b83b-bdfd93172592,NULL,0,NULL,0,NULL,草稿,NULL,NULL,NULL,NULL,NULL,1,0,295e169d-cf86-4077-b8a9-4c5ec42b565d,2014-12-20 22:00:16.5111710 +08:00,295e169d-cf86-4077-b8a9-4c5ec42b565d,2014-12-20 22:00:16.5111710 +08:00,0x00000000000C3ADD
ff73ae52-d9eb-4102-8f4b-7f80262cd774,9da4ce59-9f7f-46a2-942f-1f74a635fe14,NULL,6,NULL,6,NULL,DropDownList,NULL,NULL,NULL,NULL,NULL,6,0,,2012-10-06 08:44:53.6225167 +08:00,,2012-10-10 13:49:27.1621774 +08:00,0x000000000000081E
ff923388-1f0d-433f-89f2-bf692ab4a8e3,88753ef8-08cd-427d-82a5-39be9dfa6447,NULL,98,NULL,menu,NULL,底部菜单,NULL,NULL,NULL,NULL,NULL,1,0,295e169d-cf86-4077-b8a9-4c5ec42b565d,2014-02-28 09:57:25.2626383 +08:00,295e169d-cf86-4077-b8a9-4c5ec42b565d,2018-12-31 15:10:47.9158463 +08:00,0x00000000022B7C91
