sId,tbId,name,description,descriptionEn,type,remark,queue,createUser,createTime,modifyUser,modifyTime,sTamp
001c2241-ff7a-4273-84b5-6b882a13d420,bb0dd33f-da18-463f-8bf0-c988c1610f0e,cmsProduct_d_Add,添加,Add,1,NULL,1,24597ceb-8ffb-46a5-96c0-4d173393bb5c,2019-06-26 14:00:52.2538475 +08:00,24597ceb-8ffb-46a5-96c0-4d173393bb5c,2019-06-26 14:00:52.2538475 +08:00,0x00000000022CDAB8
00c4279f-b4a8-4bfe-9f6b-607fc68db5ac,2bf50b7c-aeb8-4922-9f6f-0e20fe6963ea,cmsSocialAskList_Add,添加,Add,1,NULL,1,295e169d-cf86-4077-b8a9-4c5ec42b565d,2014-11-29 23:10:58.8243485 +08:00,295e169d-cf86-4077-b8a9-4c5ec42b565d,2014-11-29 23:10:58.8243485 +08:00,0x00000000022B7BB9
02f48e73-ac34-463a-a88f-b714b8d3e349,f1446ddf-e3e3-431f-b8e4-1adf4c76968b,cmsUpLoadNews_d_Add,添加,Add,1,NULL,1,295e169d-cf86-4077-b8a9-4c5ec42b565d,2014-12-20 22:17:09.0430992 +08:00,295e169d-cf86-4077-b8a9-4c5ec42b565d,2014-12-20 22:17:09.0430992 +08:00,0x00000000000C3B1D
03615332-a4a6-416c-9fa1-f3f5f132a24c,68828acf-7307-41d1-82a3-da523879d5f4,cmsSocialUser_Add,添加,Add,1,NULL,1,295e169d-cf86-4077-b8a9-4c5ec42b565d,2014-12-21 17:13:15.1220064 +08:00,295e169d-cf86-4077-b8a9-4c5ec42b565d,2014-12-21 17:13:15.1220064 +08:00,0x00000000022B7BE6
042a3b91-4e0d-45b2-8970-ddcc170291ac,e8053620-dab0-4d72-a786-e0dac55afec7,cmsSocialWeiXinTemp_d_Move,移动,Move,4,NULL,4,295e169d-cf86-4077-b8a9-4c5ec42b565d,2018-05-27 11:44:27.2245475 +08:00,295e169d-cf86-4077-b8a9-4c5ec42b565d,2018-05-27 11:44:27.2245475 +08:00,0x00000000022B7D13
04e1b1d6-cfd7-4c23-8a74-4b856307750f,6cd3429d-b3ff-4b7f-bb96-64b5e56612f7,cmsProduct_m_Action,公共接口,Action,98,NULL,5,24597ceb-8ffb-46a5-96c0-4d173393bb5c,2019-06-26 10:06:55.0613179 +08:00,24597ceb-8ffb-46a5-96c0-4d173393bb5c,2019-06-26 10:06:55.0613179 +08:00,0x00000000022CD34D
05293298-c268-4191-add4-3ec85d43e3c9,17ffcede-6c94-4d3e-a07e-e4d2231ed6e2,cmsChannelMap_Add,添加,Add,1,NULL,1,295e169d-cf86-4077-b8a9-4c5ec42b565d,2015-06-27 06:43:15.7560747 +08:00,295e169d-cf86-4077-b8a9-4c5ec42b565d,2015-06-27 06:43:15.7560747 +08:00,0x000000000017B24B
055cc8ce-5468-4c9e-9772-d823b91da7ba,eba651d5-1763-49c6-8255-680535683437,cmsPayReBatch_Action,公共接口,Action,98,NULL,1,295e169d-cf86-4077-b8a9-4c5ec42b565d,2016-11-20 13:41:28.1183734 +08:00,295e169d-cf86-4077-b8a9-4c5ec42b565d,2016-11-20 13:41:28.1183734 +08:00,0x00000000013A3527
058f90e8-63c3-4833-8704-b209fd1b1ec3,af6e34a2-e87e-48e0-9ac9-7cc2d2b74b32,cmsChannelUser_Action,公共接口,Action,98,NULL,5,295e169d-cf86-4077-b8a9-4c5ec42b565d,2016-01-19 18:49:56.4967793 +08:00,295e169d-cf86-4077-b8a9-4c5ec42b565d,2016-01-19 18:49:56.4967793 +08:00,0x00000000004E4146
05c1db22-a0ae-47a3-9138-e61387da88e1,d0fbcd82-ad18-4fc3-a505-8e7d66e82843,cmsSite_Move,移动,Move,4,NULL,5,295e169d-cf86-4077-b8a9-4c5ec42b565d,2013-06-04 19:23:23.9030878 +08:00,295e169d-cf86-4077-b8a9-4c5ec42b565d,2013-06-04 19:23:23.9030878 +08:00,0x0000000000023BBA
069c5a85-54aa-423c-8222-27b0c30cb8a8,6cd3429d-b3ff-4b7f-bb96-64b5e56612f7,cmsProduct_m_Add,添加,Add,1,NULL,1,24597ceb-8ffb-46a5-96c0-4d173393bb5c,2019-06-26 10:06:40.0457057 +08:00,24597ceb-8ffb-46a5-96c0-4d173393bb5c,2019-06-26 10:06:40.0457057 +08:00,0x00000000022CD345
06e433e8-7aa8-4faf-a7dd-ee3775679048,f275a76e-652e-4600-862c-0ae3d6c850b0,cmsPayRe_Add,添加,Add,1,NULL,1,295e169d-cf86-4077-b8a9-4c5ec42b565d,2016-11-20 11:07:18.3800412 +08:00,295e169d-cf86-4077-b8a9-4c5ec42b565d,2016-11-20 11:07:18.3800412 +08:00,0x00000000013A34DA
07c65ab3-34f9-4e0d-a023-8c00668c1693,17ffcede-6c94-4d3e-a07e-e4d2231ed6e2,cmsChannelMap_Init,初始化,cmsChannelMap_Init,99,NULL,6,295e169d-cf86-4077-b8a9-4c5ec42b565d,2015-06-27 21:44:52.2747076 +08:00,295e169d-cf86-4077-b8a9-4c5ec42b565d,2015-06-27 21:44:52.2747076 +08:00,0x000000000017B250
09756463-fef9-4614-b098-f605edaa3814,f1446ddf-e3e3-431f-b8e4-1adf4c76968b,cmsUpLoadNews_d_Action,公共接口,Action,98,NULL,5,295e169d-cf86-4077-b8a9-4c5ec42b565d,2014-12-20 22:17:25.5439962 +08:00,295e169d-cf86-4077-b8a9-4c5ec42b565d,2014-12-20 22:17:25.5439962 +08:00,0x00000000000C3B21
0a2eeda7-7477-4436-8bdd-d3d5c813968a,f275a76e-652e-4600-862c-0ae3d6c850b0,cmsPayRe_Upp2,退款回调,NULL,99,NULL,3,295e169d-cf86-4077-b8a9-4c5ec42b565d,2016-11-20 11:38:37.7201939 +08:00,295e169d-cf86-4077-b8a9-4c5ec42b565d,2016-11-20 11:38:37.7201939 +08:00,0x00000000013A34DB
0b64fae8-143f-4a56-ba9f-7b3c9b2881a6,d71f81cf-eee2-4cbd-a19c-4bd022f1b9af,cmsSocialChannel_Add,添加,Add,1,NULL,1,295e169d-cf86-4077-b8a9-4c5ec42b565d,2014-02-28 09:48:46.2309514 +08:00,295e169d-cf86-4077-b8a9-4c5ec42b565d,2014-02-28 09:48:46.2309514 +08:00,0x00000000022B7B38
0b6d39fc-6e33-438b-80b5-102d1c503bcd,4bf5b62d-8a27-4366-8e52-9f15064e18c2,cmsSocialGroup_Add,添加,Add,1,NULL,1,295e169d-cf86-4077-b8a9-4c5ec42b565d,2014-12-21 17:10:49.2824220 +08:00,295e169d-cf86-4077-b8a9-4c5ec42b565d,2014-12-21 17:10:49.2824220 +08:00,0x00000000022B7BCE
0c537f57-ad91-44ac-b307-3785dd92e76c,6218bd63-3845-434a-9a41-37b3cf0fdaf6,cmsSocialKf_Upp,修改,Upp,2,NULL,2,295e169d-cf86-4077-b8a9-4c5ec42b565d,2015-01-01 20:14:03.1784434 +08:00,295e169d-cf86-4077-b8a9-4c5ec42b565d,2015-01-01 20:14:03.1784434 +08:00,0x00000000022B7C02
0daeea98-a2a7-4072-ad03-f2c7c9e0941e,bf7c1cf4-b089-4ce1-81b6-aa678c1975d2,cmsPayUser_State,状态,State,8,NULL,3,295e169d-cf86-4077-b8a9-4c5ec42b565d,2018-11-13 22:18:22.7842368 +08:00,295e169d-cf86-4077-b8a9-4c5ec42b565d,2018-11-13 22:18:22.7842368 +08:00,0x00000000022A5302
0f1e6d03-7854-4321-b8fe-ccbc7c60dfee,0baf1de8-7c9c-46ad-bbda-f7cd5a2ce146,cmsSocialWeiXinTempNews_h_Del,删除,Del,3,NULL,2,295e169d-cf86-4077-b8a9-4c5ec42b565d,2018-05-27 15:52:39.6302826 +08:00,295e169d-cf86-4077-b8a9-4c5ec42b565d,2018-05-27 15:52:39.6302826 +08:00,0x00000000022B7D6F
0ffdd74a-a631-4e48-8c79-10a36971ea92,f43329d4-ec44-47d2-b616-dc876f6cfbfb,cmsSocialWeiXinTempNews_d_Move,移动,Move,4,NULL,4,295e169d-cf86-4077-b8a9-4c5ec42b565d,2018-05-27 13:20:58.9372468 +08:00,295e169d-cf86-4077-b8a9-4c5ec42b565d,2018-05-27 13:20:58.9372468 +08:00,0x00000000022B7D50
1021632f-886b-4e1f-a63d-9fbd0b984404,b71a8028-6afe-4957-a045-186faf3133e0,cmsHtml_UppBody,修改,Upp,2,NULL,3,d938fa32-b8f3-4517-b6bc-3856c73ac19b,2014-06-06 23:58:04.5465304 +08:00,d938fa32-b8f3-4517-b6bc-3856c73ac19b,2014-06-06 23:58:04.5465304 +08:00,0x00000000000912E5
107e4f4f-3d68-4789-91d7-3d523e0147aa,d71f81cf-eee2-4cbd-a19c-4bd022f1b9af,cmsSocialChannel_Upp,修改,Upp,2,NULL,2,295e169d-cf86-4077-b8a9-4c5ec42b565d,2014-02-28 09:49:44.7722997 +08:00,295e169d-cf86-4077-b8a9-4c5ec42b565d,2014-02-28 09:49:44.7722997 +08:00,0x00000000022B7B39
10f94be8-d8c9-46b0-b9ad-82f305f03a6e,32fc2f41-e515-410c-830e-94f1f2cd4915,innerMsgRun_Upp,修改,Upp,2,NULL,2,295e169d-cf86-4077-b8a9-4c5ec42b565d,2017-04-19 21:49:55.3706526 +08:00,295e169d-cf86-4077-b8a9-4c5ec42b565d,2017-04-19 21:49:55.3706526 +08:00,0x00000000022B5DEA
11a3d8b6-096f-4655-97cb-b3a88d3f3402,3573d648-c7f2-4a94-b2cb-37729a2b6f51,cmsPayTest_State,状态,State,8,NULL,4,295e169d-cf86-4077-b8a9-4c5ec42b565d,2016-12-17 16:55:42.2178747 +08:00,295e169d-cf86-4077-b8a9-4c5ec42b565d,2016-12-17 16:55:42.2178747 +08:00,0x00000000013A3542
12072d1a-4fdf-4a43-bd03-a0d4c64ff034,88b84eb1-d97e-4e75-a5ad-8f19a4a4571c,cmsArticle_Del,删除,Del,3,NULL,5,295e169d-cf86-4077-b8a9-4c5ec42b565d,2013-06-04 19:57:40.9820010 +08:00,295e169d-cf86-4077-b8a9-4c5ec42b565d,2013-06-04 19:57:40.9820010 +08:00,0x0000000000023C7A
124c661f-6949-463d-bdef-8515592d3c0d,af6e34a2-e87e-48e0-9ac9-7cc2d2b74b32,cmsChannelUser_Upp,修改,Upp,2,NULL,2,295e169d-cf86-4077-b8a9-4c5ec42b565d,2016-01-19 18:49:42.5254693 +08:00,295e169d-cf86-4077-b8a9-4c5ec42b565d,2016-01-19 18:49:42.5254693 +08:00,0x00000000004E4143
13a86c65-b504-43d2-87a9-f93d406efbb5,3a8bd63d-f1b6-4ba1-938b-8dc2d45abd73,cmsSocialWeiXinStatus_Upp,cmsSocialWeiXinStatus_Upp,cmsSocialWeiXinStatus_Upp,-1,NULL,1,295e169d-cf86-4077-b8a9-4c5ec42b565d,2014-09-15 16:05:50.5580831 +08:00,295e169d-cf86-4077-b8a9-4c5ec42b565d,2014-09-15 16:05:58.7545519 +08:00,0x00000000022B7C2A
177d2216-36c3-47b2-9430-3e5b6db23822,f43329d4-ec44-47d2-b616-dc876f6cfbfb,cmsSocialWeiXinTempNews_d_Upp,修改,Upp,2,NULL,2,295e169d-cf86-4077-b8a9-4c5ec42b565d,2018-05-27 13:20:52.1090781 +08:00,295e169d-cf86-4077-b8a9-4c5ec42b565d,2018-05-27 13:20:52.1090781 +08:00,0x00000000022B7D51
19ec662e-c153-465f-898e-3fcdb05ee45c,3573d648-c7f2-4a94-b2cb-37729a2b6f51,cmsPayTest_Upp,修改,Upp,2,NULL,3,295e169d-cf86-4077-b8a9-4c5ec42b565d,2016-12-17 16:55:38.7803527 +08:00,295e169d-cf86-4077-b8a9-4c5ec42b565d,2016-12-17 16:55:38.7803527 +08:00,0x00000000013A3543
1a500aa4-7566-48b9-969e-2b16f30aeb1f,6cd3429d-b3ff-4b7f-bb96-64b5e56612f7,cmsProduct_m_IsDel,注销,IsDel,6,NULL,3,24597ceb-8ffb-46a5-96c0-4d173393bb5c,2019-06-26 10:06:46.8894432 +08:00,24597ceb-8ffb-46a5-96c0-4d173393bb5c,2019-06-26 10:06:46.8894432 +08:00,0x00000000022CD349
1cb8af98-b140-49b6-a377-e72927092a30,6665da7d-b585-4d7a-866e-69c262c57f82,cmsArticle_Attr_Action,公共接口,NULL,98,NULL,3,295e169d-cf86-4077-b8a9-4c5ec42b565d,2015-08-11 10:57:08.4246893 +08:00,295e169d-cf86-4077-b8a9-4c5ec42b565d,2015-08-11 10:57:08.4246893 +08:00,0x00000000001AF56E
1d57d44a-aaaa-4dd6-bde5-912b1f5b7621,867d06c2-f244-40fa-9c1a-f831b6255ba2,cmsLog_Add,添加,Add,1,NULL,1,295e169d-cf86-4077-b8a9-4c5ec42b565d,2014-03-07 12:02:25.2685376 +08:00,295e169d-cf86-4077-b8a9-4c5ec42b565d,2014-03-07 12:02:25.2685376 +08:00,0x0000000000041EE6
1e78c943-adb8-455c-9a44-9313bb618684,167ef88e-c141-42ce-a60f-7d55382d1af7,cmsArticle_Rel_Upp,修改,Upp,2,NULL,2,295e169d-cf86-4077-b8a9-4c5ec42b565d,2017-02-26 08:53:54.3085626 +08:00,295e169d-cf86-4077-b8a9-4c5ec42b565d,2017-02-26 08:53:54.3085626 +08:00,0x00000000012A744F
1ef39a65-db42-425b-9fb8-f4fc7c2e7e81,a22bbd72-9184-4f3c-91c9-90eab858a4ea,cmsSocialAnswers_Upp,修改,Upp,2,NULL,2,295e169d-cf86-4077-b8a9-4c5ec42b565d,2014-11-29 20:50:44.6210836 +08:00,295e169d-cf86-4077-b8a9-4c5ec42b565d,2014-11-29 20:50:44.6210836 +08:00,0x00000000022B7B58
1fda1300-d021-4faf-95a0-370b7360cb47,68828acf-7307-41d1-82a3-da523879d5f4,cmsSocialUser_Del,删除,Del,3,NULL,3,295e169d-cf86-4077-b8a9-4c5ec42b565d,2014-12-21 17:16:03.0893936 +08:00,295e169d-cf86-4077-b8a9-4c5ec42b565d,2014-12-21 17:16:03.0893936 +08:00,0x00000000022B7BE7
2475baff-97be-436a-ae7c-21ef4491fbad,88b84eb1-d97e-4e75-a5ad-8f19a4a4571c,cmsArticle_ToTop,置顶,ToTop,99,NULL,6,295e169d-cf86-4077-b8a9-4c5ec42b565d,2013-06-04 19:58:00.6068354 +08:00,295e169d-cf86-4077-b8a9-4c5ec42b565d,2013-06-04 19:58:00.6068354 +08:00,0x0000000000023C7B
250f35d0-7c8a-41c8-858e-ff405135d539,f275a76e-652e-4600-862c-0ae3d6c850b0,cmsPayRe_State,状态,State,8,NULL,4,295e169d-cf86-4077-b8a9-4c5ec42b565d,2016-11-20 11:07:36.9426600 +08:00,295e169d-cf86-4077-b8a9-4c5ec42b565d,2016-11-20 11:07:36.9426600 +08:00,0x00000000013A34DC
2733e20f-2650-46c1-a1a6-730764ca9452,f43329d4-ec44-47d2-b616-dc876f6cfbfb,cmsSocialWeiXinTempNews_d_Action,公共接口,Action,98,NULL,5,295e169d-cf86-4077-b8a9-4c5ec42b565d,2018-05-27 13:21:02.2028927 +08:00,295e169d-cf86-4077-b8a9-4c5ec42b565d,2018-05-27 13:21:02.2028927 +08:00,0x00000000022B7D52
285ba3af-7310-4bd6-a91f-5156a9ccf8fb,8008cb69-3a72-4a35-8199-e0b73b2bf53f,cmsUpLoadNews_m_Action,公共接口,Action,98,NULL,4,295e169d-cf86-4077-b8a9-4c5ec42b565d,2014-12-20 20:52:17.5454309 +08:00,295e169d-cf86-4077-b8a9-4c5ec42b565d,2014-12-20 20:52:17.5454309 +08:00,0x00000000000C3965
28dbe11e-a823-4a14-8667-7e4bc772f320,68828acf-7307-41d1-82a3-da523879d5f4,cmsSocialUser_Action,公共接口,Action,98,NULL,4,295e169d-cf86-4077-b8a9-4c5ec42b565d,2014-12-21 17:17:23.0553548 +08:00,295e169d-cf86-4077-b8a9-4c5ec42b565d,2014-12-21 17:17:23.0553548 +08:00,0x00000000022B7BE8
2930cdb0-24ca-4135-a591-ec3dbd0aaae3,3b2be63e-27cd-4948-83e5-e5538add362c,cmsSocialWeiXinTempNews_h2_Action,公共接口,Action,98,NULL,3,295e169d-cf86-4077-b8a9-4c5ec42b565d,2019-01-03 10:41:18.9102438 +08:00,295e169d-cf86-4077-b8a9-4c5ec42b565d,2019-01-03 10:41:18.9102438 +08:00,0x00000000022B7D89
2936ab1e-4670-4ddf-aced-939d5e2bca75,bb0dd33f-da18-463f-8bf0-c988c1610f0e,cmsProduct_d_Action,公共接口,Action,98,NULL,4,24597ceb-8ffb-46a5-96c0-4d173393bb5c,2019-06-26 14:01:02.5511181 +08:00,24597ceb-8ffb-46a5-96c0-4d173393bb5c,2019-06-26 14:01:02.5511181 +08:00,0x00000000022CDABE
29a8cb2b-ece9-4c14-9775-8f3c974d639d,7fc9554b-9ff8-4f7a-89f2-d226bb7a1bd2,springSpTranslation_Upp,Upp,NULL,NULL,NULL,2,,2012-09-28 17:03:17.4326463 +08:00,,2012-09-28 17:03:17.4326463 +08:00,0x00000000000008E6
2a479d25-2bfa-4dd2-acee-3b92d324c26f,b71a8028-6afe-4957-a045-186faf3133e0,cmsHtml_Del,删除,Del,3,NULL,4,d938fa32-b8f3-4517-b6bc-3856c73ac19b,2014-06-06 23:50:15.7387161 +08:00,d938fa32-b8f3-4517-b6bc-3856c73ac19b,2014-06-06 23:50:15.7387161 +08:00,0x00000000000912E6
2aafce0a-3e88-4e70-a158-e42cf9e908ad,9f7cddae-40c3-4ca9-b74a-f86bbee4a75c,springSp_AddDb,存储过程添加,NULL,1,NULL,1,77dec868-d001-4790-b6a4-0fa8df9a39f9,2012-11-21 07:52:52.9492053 +08:00,77dec868-d001-4790-b6a4-0fa8df9a39f9,2012-11-21 08:09:35.6997174 +08:00,0x00000000000008CA
2b7a823f-6eec-490a-b14f-2c1c4f484ec8,4bf5b62d-8a27-4366-8e52-9f15064e18c2,cmsSocialGroup_Del,删除,Del,3,NULL,3,295e169d-cf86-4077-b8a9-4c5ec42b565d,2014-12-21 17:12:01.6035584 +08:00,295e169d-cf86-4077-b8a9-4c5ec42b565d,2014-12-21 17:12:01.6035584 +08:00,0x00000000022B7BCF
2baeb816-89a7-409f-8ebb-1ef9a00eb0ad,af6e34a2-e87e-48e0-9ac9-7cc2d2b74b32,cmsChannelUser_Del,删除,Del,3,NULL,3,295e169d-cf86-4077-b8a9-4c5ec42b565d,2016-01-19 18:49:48.8928863 +08:00,295e169d-cf86-4077-b8a9-4c5ec42b565d,2016-01-19 18:49:48.8928863 +08:00,0x00000000004E4144
2e5ccbc1-69f3-49df-8066-dbacefdb48ca,ee9d4710-a149-4423-b3d3-5668061e7e65,springFdList_rel_Upp,修改,Upp,2,NULL,2,295e169d-cf86-4077-b8a9-4c5ec42b565d,2016-03-19 11:02:11.0818604 +08:00,295e169d-cf86-4077-b8a9-4c5ec42b565d,2016-03-19 11:02:11.0818604 +08:00,0x00000000005A2211
3002f009-4d76-4212-adfe-106327d8a822,eb4c277f-504e-467f-a032-9c4a48b30c0a,cmsPay_Add,添加,Add,1,NULL,1,295e169d-cf86-4077-b8a9-4c5ec42b565d,2015-07-26 14:08:35.5283517 +08:00,295e169d-cf86-4077-b8a9-4c5ec42b565d,2015-07-26 14:08:35.5283517 +08:00,0x00000000013A34B6
3237beea-8c30-48ab-a6ba-0f669e26c4bf,32fc2f41-e515-410c-830e-94f1f2cd4915,innerMsgRun_Del,删除,Del,3,NULL,3,295e169d-cf86-4077-b8a9-4c5ec42b565d,2017-04-19 21:50:00.1834209 +08:00,295e169d-cf86-4077-b8a9-4c5ec42b565d,2017-04-19 21:50:00.1834209 +08:00,0x00000000022B5DEB
32cdea3e-bc51-4996-9abe-aa02b818d485,a6767281-7316-4cba-80df-a34bd62c77e6,cmsTemplet_Del,删除,Del,3,NULL,3,d938fa32-b8f3-4517-b6bc-3856c73ac19b,2014-03-30 18:20:38.1935153 +08:00,d938fa32-b8f3-4517-b6bc-3856c73ac19b,2014-03-30 18:20:38.1935153 +08:00,0x0000000000056FE5
33685ca9-e6d8-457f-95a1-6022f0a0ebae,6cd3429d-b3ff-4b7f-bb96-64b5e56612f7,cmsProduct_m_Upp,修改,Upp,2,NULL,2,24597ceb-8ffb-46a5-96c0-4d173393bb5c,2019-06-26 10:06:43.3425713 +08:00,24597ceb-8ffb-46a5-96c0-4d173393bb5c,2019-06-26 10:06:43.3425713 +08:00,0x00000000022CD347
34415481-98c9-4184-a850-65db375ba8d9,167ef88e-c141-42ce-a60f-7d55382d1af7,cmsArticle_Rel_Del,删除,Del,3,NULL,4,295e169d-cf86-4077-b8a9-4c5ec42b565d,2017-02-26 08:54:03.7636407 +08:00,295e169d-cf86-4077-b8a9-4c5ec42b565d,2017-02-26 08:54:03.7636407 +08:00,0x00000000012A7450
364d5626-3427-4a65-92d8-30a84db0509b,f1446ddf-e3e3-431f-b8e4-1adf4c76968b,cmsUpLoadNews_d_Del,删除,Del,3,NULL,3,295e169d-cf86-4077-b8a9-4c5ec42b565d,2014-12-20 22:17:17.9253432 +08:00,295e169d-cf86-4077-b8a9-4c5ec42b565d,2014-12-20 22:17:17.9253432 +08:00,0x00000000000C3B1F
37ba75c0-94e3-4163-a32d-b63cf06c9728,378ea5cb-0916-4cbc-a10c-8742d36e3d1c,springTb_Move,Move,NULL,NULL,NULL,2,,2012-10-02 00:34:58.0759857 +08:00,,2012-10-02 00:34:58.0759857 +08:00,0x00000000000007F0
3b3987a6-cbe6-40c8-b543-b3a5c353fe6d,e4e0bde1-9e20-457d-8f2f-ea845c76fde9,innerMsgBack_Action,公共接口,Action,98,NULL,2,295e169d-cf86-4077-b8a9-4c5ec42b565d,2019-01-07 15:54:30.0606843 +08:00,295e169d-cf86-4077-b8a9-4c5ec42b565d,2019-01-07 15:54:30.0606843 +08:00,0x00000000022B6C1B
3b5e7823-94fe-40aa-a977-ba0cdf7d1c83,4bb79886-0adf-40aa-a56c-7b2bba26b6f6,cmsSocialWeiXinTempNews_m_Action,公共接口,Action,98,NULL,5,295e169d-cf86-4077-b8a9-4c5ec42b565d,2018-05-27 13:19:18.7803558 +08:00,295e169d-cf86-4077-b8a9-4c5ec42b565d,2018-05-27 13:19:18.7803558 +08:00,0x00000000022B7D36
3ca601b1-aed4-4723-8052-46a7b41fd622,d0fbcd82-ad18-4fc3-a505-8e7d66e82843,cmsSite_Upp,修改,Upp,2,NULL,2,295e169d-cf86-4077-b8a9-4c5ec42b565d,2013-06-04 19:22:20.5357766 +08:00,295e169d-cf86-4077-b8a9-4c5ec42b565d,2013-06-04 19:22:20.5357766 +08:00,0x0000000000023BB7
3d56d385-2c52-42e8-938d-8520f7ef0b0d,88b84eb1-d97e-4e75-a5ad-8f19a4a4571c,cmsArticle_Upp,修改,Upp,2,NULL,2,295e169d-cf86-4077-b8a9-4c5ec42b565d,2013-06-04 19:56:31.5774791 +08:00,295e169d-cf86-4077-b8a9-4c5ec42b565d,2013-06-04 19:56:31.5774791 +08:00,0x0000000000023C77
3e98e8b5-7c3e-462d-aa27-2791fe0acb83,3a8bd63d-f1b6-4ba1-938b-8dc2d45abd73,cmsSocialWeiXinStatus_Token,保持令牌,SaveToken,99,NULL,2,295e169d-cf86-4077-b8a9-4c5ec42b565d,2014-02-28 18:24:42.7198121 +08:00,295e169d-cf86-4077-b8a9-4c5ec42b565d,2014-02-28 18:24:42.7198121 +08:00,0x00000000022B7C2B
3f7ea792-801d-4821-9d2a-639fd970934b,6cd3429d-b3ff-4b7f-bb96-64b5e56612f7,cmsProduct_m_Del,删除,Del,3,NULL,4,24597ceb-8ffb-46a5-96c0-4d173393bb5c,2019-06-26 10:06:50.6863462 +08:00,24597ceb-8ffb-46a5-96c0-4d173393bb5c,2019-06-26 10:06:50.6863462 +08:00,0x00000000022CD34B
40af6a97-288d-4a99-8039-e3a586387095,6218bd63-3845-434a-9a41-37b3cf0fdaf6,cmsSocialKf_Move,移动,Move,4,NULL,4,295e169d-cf86-4077-b8a9-4c5ec42b565d,2015-01-01 20:14:25.0434294 +08:00,295e169d-cf86-4077-b8a9-4c5ec42b565d,2015-01-01 20:14:25.0434294 +08:00,0x00000000022B7C03
4217e919-31b1-48c6-8dba-911a3cbe1d4e,fa4e43db-c103-437c-bfc7-261a41a6cef8,cmsArticleType2_Add,添加,Add,1,NULL,1,295e169d-cf86-4077-b8a9-4c5ec42b565d,2015-07-29 17:02:54.2092367 +08:00,295e169d-cf86-4077-b8a9-4c5ec42b565d,2015-07-29 17:02:54.2092367 +08:00,0x00000000001A3C4B
43dad7f5-5d42-4387-bd43-d0d8ea4d44d4,f275a76e-652e-4600-862c-0ae3d6c850b0,cmsPayRe_Upp,修改,Upp,2,NULL,2,295e169d-cf86-4077-b8a9-4c5ec42b565d,2016-11-20 11:07:25.4425864 +08:00,295e169d-cf86-4077-b8a9-4c5ec42b565d,2016-11-20 11:07:25.4425864 +08:00,0x00000000013A34DD
44ab33bd-7b03-444d-8729-c95b70c3dd27,2082994e-eeca-4fc7-aec1-712cb2fec23e,springCheckFK,判断表外键关联是否存在,NULL,99,NULL,1,77dec868-d001-4790-b6a4-0fa8df9a39f9,2013-03-19 20:31:24.2433680 +08:00,77dec868-d001-4790-b6a4-0fa8df9a39f9,2013-03-19 20:31:24.2433680 +08:00,0x0000000000019E3E
4633800d-63e8-46e3-89d7-7cd643f168c1,214d0c04-9354-48c8-8f0b-6f029002ad2d,cmsUrl_Add,添加,Add,1,NULL,1,295e169d-cf86-4077-b8a9-4c5ec42b565d,2018-02-25 23:54:50.6125411 +08:00,295e169d-cf86-4077-b8a9-4c5ec42b565d,2018-02-25 23:54:50.6125411 +08:00,0x000000000214C949
472d90ad-ee3a-40bb-9244-3655e31cb5a6,88b84eb1-d97e-4e75-a5ad-8f19a4a4571c,cmsArticle_Add,添加,Add,1,NULL,1,295e169d-cf86-4077-b8a9-4c5ec42b565d,2013-06-04 19:56:11.8590444 +08:00,295e169d-cf86-4077-b8a9-4c5ec42b565d,2013-06-04 19:56:11.8590444 +08:00,0x0000000000023C76
473ec04a-48e7-43f0-ad4e-09f22589bf23,eb4c277f-504e-467f-a032-9c4a48b30c0a,cmsPay_Action,公共接口,Action,98,NULL,4,295e169d-cf86-4077-b8a9-4c5ec42b565d,2015-07-26 14:08:55.4315504 +08:00,295e169d-cf86-4077-b8a9-4c5ec42b565d,2015-07-26 14:08:55.4315504 +08:00,0x00000000013A34B7
4806259f-b247-4d02-9ac6-40113cdaa063,0baf1de8-7c9c-46ad-bbda-f7cd5a2ce146,cmsSocialWeiXinTempNews_h_Add,添加,Add,1,NULL,1,295e169d-cf86-4077-b8a9-4c5ec42b565d,2018-05-27 15:51:31.3182198 +08:00,295e169d-cf86-4077-b8a9-4c5ec42b565d,2018-05-27 15:51:31.3182198 +08:00,0x00000000022B7D70
48da5ac4-4e7a-42a8-9d00-0250bc18e0e2,4bb79886-0adf-40aa-a56c-7b2bba26b6f6,cmsSocialWeiXinTempNews_m_Del,删除,Del,3,NULL,4,295e169d-cf86-4077-b8a9-4c5ec42b565d,2018-05-27 13:19:15.2178330 +08:00,295e169d-cf86-4077-b8a9-4c5ec42b565d,2018-05-27 13:19:15.2178330 +08:00,0x00000000022B7D37
4914457c-0d8f-40ad-885a-7683020e943e,4bb79886-0adf-40aa-a56c-7b2bba26b6f6,cmsSocialWeiXinTempNews_m_Add,添加,Add,1,NULL,1,295e169d-cf86-4077-b8a9-4c5ec42b565d,2018-05-27 13:15:48.1540078 +08:00,295e169d-cf86-4077-b8a9-4c5ec42b565d,2018-05-27 13:15:48.1540078 +08:00,0x00000000022B7D38
495398ba-2b14-4b69-87cd-d355c48ff0c9,bf7c1cf4-b089-4ce1-81b6-aa678c1975d2,cmsPayUser_Add,添加,Add,1,NULL,1,295e169d-cf86-4077-b8a9-4c5ec42b565d,2018-11-13 22:18:04.7923350 +08:00,295e169d-cf86-4077-b8a9-4c5ec42b565d,2018-11-13 22:18:04.7923350 +08:00,0x00000000022A52FD
4a202452-e850-434c-a73a-403555f5648e,a6767281-7316-4cba-80df-a34bd62c77e6,cmsTemplet_Action,公共接口,Action,98,NULL,5,d938fa32-b8f3-4517-b6bc-3856c73ac19b,2014-03-30 18:20:46.5218002 +08:00,d938fa32-b8f3-4517-b6bc-3856c73ac19b,2014-03-30 18:20:46.5218002 +08:00,0x0000000000056FE7
4a6d1fa3-64c9-4a9c-a34b-918c32141c59,d0fbcd82-ad18-4fc3-a505-8e7d66e82843,cmsSite_Del,删除,Del,3,NULL,3,295e169d-cf86-4077-b8a9-4c5ec42b565d,2013-06-04 19:22:44.9030193 +08:00,295e169d-cf86-4077-b8a9-4c5ec42b565d,2013-06-04 19:22:44.9030193 +08:00,0x0000000000023BB8
4de082b3-63b8-4c23-81fe-9e3d2964b1ca,1901fdb3-72a4-4559-abd2-6ba9fcee5fa5,springFdList_g_Action,公共接口,Action,98,NULL,5,295e169d-cf86-4077-b8a9-4c5ec42b565d,2016-05-16 08:50:52.5326309 +08:00,295e169d-cf86-4077-b8a9-4c5ec42b565d,2016-05-16 08:50:52.5326309 +08:00,0x0000000000B7FDAC
4e535410-9f7b-43f8-86b4-a4c1c9b11de2,f1ff2417-8050-4422-bf72-d3e197f35f49,cmsChannel_Upp,修改,Upp,2,NULL,2,295e169d-cf86-4077-b8a9-4c5ec42b565d,2013-06-04 19:30:05.4633932 +08:00,295e169d-cf86-4077-b8a9-4c5ec42b565d,2013-06-04 19:30:05.4633932 +08:00,0x0000000000023BE5
4e5469c0-75e0-4a15-b5b6-8c35852efefb,cedc6715-bbb5-4510-b92d-5e8024f6220c,cmsAccessStatisticsLog_Action,公共接口,Action,98,NULL,2,295e169d-cf86-4077-b8a9-4c5ec42b565d,2015-08-27 08:17:50.7670484 +08:00,295e169d-cf86-4077-b8a9-4c5ec42b565d,2015-08-27 08:17:50.7670484 +08:00,0x00000000001BADFD
4e7b246c-9b82-47c2-b808-d4a2b877dec9,6c1bf66c-1fc9-4a4e-bd64-0dc14d6f83f0,cmsSiteMap_UppBody,修改描述内容,NULL,-1,NULL,4,295e169d-cf86-4077-b8a9-4c5ec42b565d,2015-04-27 11:52:35.7137368 +08:00,295e169d-cf86-4077-b8a9-4c5ec42b565d,2015-04-27 11:52:35.7137368 +08:00,0x000000000012BD81
4f268653-0f10-4b2f-8e1c-e6b3275d35fd,3573d648-c7f2-4a94-b2cb-37729a2b6f51,cmsPayTest_Action,公共接口,Action,98,NULL,5,295e169d-cf86-4077-b8a9-4c5ec42b565d,2016-12-17 16:55:50.5460530 +08:00,295e169d-cf86-4077-b8a9-4c5ec42b565d,2016-12-17 16:55:50.5460530 +08:00,0x00000000013A3544
521adb5f-a791-4ab5-a024-2b6443da068f,eb4c277f-504e-467f-a032-9c4a48b30c0a,cmsPay_State,状态,State,99,NULL,5,295e169d-cf86-4077-b8a9-4c5ec42b565d,2016-11-20 17:48:32.0182512 +08:00,295e169d-cf86-4077-b8a9-4c5ec42b565d,2016-11-20 17:48:32.0182512 +08:00,0x00000000013A34B8
533ec7d1-c452-4170-a4fa-d246874e4680,5fc2a2ed-7c76-449e-92f7-83d97147fd19,cmsArticleType_Upp,修改,Upp,2,NULL,2,295e169d-cf86-4077-b8a9-4c5ec42b565d,2013-06-04 19:35:36.6831749 +08:00,295e169d-cf86-4077-b8a9-4c5ec42b565d,2013-06-04 19:35:36.6831749 +08:00,0x0000000000023C05
55bb3f3e-9bea-4774-8aee-8c4a8028603d,f1446ddf-e3e3-431f-b8e4-1adf4c76968b,cmsUpLoadNews_d_Move,移动,Move,4,NULL,4,295e169d-cf86-4077-b8a9-4c5ec42b565d,2014-12-20 22:17:21.8108367 +08:00,295e169d-cf86-4077-b8a9-4c5ec42b565d,2014-12-20 22:17:21.8108367 +08:00,0x00000000000C3B20
571b1178-c9f6-4d43-a52b-ba6458b9e673,d5d63df4-ee90-4bb1-a780-206cf7ae1dc6,cmsProClassify_Del,删除,Del,3,NULL,3,24597ceb-8ffb-46a5-96c0-4d173393bb5c,2019-06-25 15:30:35.2183418 +08:00,24597ceb-8ffb-46a5-96c0-4d173393bb5c,2019-06-25 15:30:35.2183418 +08:00,0x00000000022CC56D
58b7ff70-8550-49f3-acd2-0f55cb24b0f6,1901fdb3-72a4-4559-abd2-6ba9fcee5fa5,springFdList_g_Add,添加,Add,1,NULL,1,295e169d-cf86-4077-b8a9-4c5ec42b565d,2016-05-16 08:49:55.3603900 +08:00,295e169d-cf86-4077-b8a9-4c5ec42b565d,2016-05-16 08:49:55.3603900 +08:00,0x0000000000B7FDAD
591192c3-a92c-4751-a4c1-b8a4175e72da,6665da7d-b585-4d7a-866e-69c262c57f82,cmsArticle_Attr_Upp,添加、修改,NULL,2,NULL,1,295e169d-cf86-4077-b8a9-4c5ec42b565d,2015-08-11 10:57:48.2058173 +08:00,295e169d-cf86-4077-b8a9-4c5ec42b565d,2015-08-11 10:57:48.2058173 +08:00,0x00000000001AF56C
59896342-44a8-4fea-9364-40d50721063c,27335ebe-7710-45fe-a7a3-75157313cecc,innerMsgBack2_Action,公共接口,Action,98,NULL,2,295e169d-cf86-4077-b8a9-4c5ec42b565d,2019-01-07 12:15:04.3204675 +08:00,295e169d-cf86-4077-b8a9-4c5ec42b565d,2019-01-07 12:15:04.3204675 +08:00,0x00000000022B6BCE
59a43e7f-439d-4526-a854-77fc8798f1ca,de805737-ed30-4f99-a936-c903e739ab58,springArea_Upp,修改,Upp,2,NULL,2,1e670c58-9bc3-4f49-9cc0-c9cc064d782a,2019-08-12 15:30:02.3276992 +08:00,1e670c58-9bc3-4f49-9cc0-c9cc064d782a,2019-08-12 15:30:02.3276992 +08:00,0x00000000022D496D
5b3cc3f6-717a-4030-a5bf-c1b8be6284f3,2b612294-969b-4752-8f61-ff47da3feadc,cmsSocialWeiXinTemp_m_Move,移动,Move,4,NULL,4,295e169d-cf86-4077-b8a9-4c5ec42b565d,2018-05-27 11:43:35.3967542 +08:00,295e169d-cf86-4077-b8a9-4c5ec42b565d,2018-05-27 11:43:35.3967542 +08:00,0x00000000022B7CF8
5b7cfab6-836f-42de-be56-39aa1bf81cfa,a6767281-7316-4cba-80df-a34bd62c77e6,cmsTemplet_Move,移动,Move,4,NULL,4,d938fa32-b8f3-4517-b6bc-3856c73ac19b,2014-03-30 18:20:42.9279812 +08:00,d938fa32-b8f3-4517-b6bc-3856c73ac19b,2014-03-30 18:20:42.9279812 +08:00,0x0000000000056FE6
5be9b9ef-c820-43a6-a1fa-76426e858af4,fa4e43db-c103-437c-bfc7-261a41a6cef8,cmsArticleType2_Move,移动,Move,4,NULL,4,295e169d-cf86-4077-b8a9-4c5ec42b565d,2015-07-29 17:03:11.0507693 +08:00,295e169d-cf86-4077-b8a9-4c5ec42b565d,2015-07-29 17:03:11.0507693 +08:00,0x00000000001A3C4E
5c088540-98b0-485f-8cb9-c72f4c045f16,a22bbd72-9184-4f3c-91c9-90eab858a4ea,cmsSocialAnswers_Del,删除,Del,3,NULL,3,295e169d-cf86-4077-b8a9-4c5ec42b565d,2014-11-29 20:50:49.7683780 +08:00,295e169d-cf86-4077-b8a9-4c5ec42b565d,2014-11-29 20:50:49.7683780 +08:00,0x00000000022B7B59
5d9b9d4d-16f0-455c-bdf2-87d3352d23d6,bb0dd33f-da18-463f-8bf0-c988c1610f0e,cmsProduct_d_Upp,修改,Upp,2,NULL,2,24597ceb-8ffb-46a5-96c0-4d173393bb5c,2019-06-26 14:00:55.9414989 +08:00,24597ceb-8ffb-46a5-96c0-4d173393bb5c,2019-06-26 14:00:55.9414989 +08:00,0x00000000022CDABA
5e63360e-7ad4-4a04-9481-5c52baa1db47,eb4c277f-504e-467f-a032-9c4a48b30c0a,cmsPay_Run,执行,Upp,2,NULL,2,295e169d-cf86-4077-b8a9-4c5ec42b565d,2015-07-26 14:08:41.8749227 +08:00,295e169d-cf86-4077-b8a9-4c5ec42b565d,2016-11-20 17:48:02.8461895 +08:00,0x00000000013A34B9
5f9512e0-1363-4f46-ac18-7462fe0a2686,e8053620-dab0-4d72-a786-e0dac55afec7,cmsSocialWeiXinTemp_d_Upp,修改,Upp,2,NULL,2,295e169d-cf86-4077-b8a9-4c5ec42b565d,2018-05-27 11:44:21.1777112 +08:00,295e169d-cf86-4077-b8a9-4c5ec42b565d,2018-05-27 11:44:21.1777112 +08:00,0x00000000022B7D14
5fbcd9a2-2c1a-43b3-b2cb-bcf275d66334,af6e34a2-e87e-48e0-9ac9-7cc2d2b74b32,cmsChannelUser_Move,移动,Move,4,NULL,4,295e169d-cf86-4077-b8a9-4c5ec42b565d,2016-01-19 18:49:52.9714003 +08:00,295e169d-cf86-4077-b8a9-4c5ec42b565d,2016-01-19 18:49:52.9714003 +08:00,0x00000000004E4145
5fc1bc04-9036-4f3a-a34b-59c57e085eaa,d71f81cf-eee2-4cbd-a19c-4bd022f1b9af,cmsSocialChannel_Move,移动,Move,4,NULL,5,295e169d-cf86-4077-b8a9-4c5ec42b565d,2014-02-28 09:50:00.4921989 +08:00,295e169d-cf86-4077-b8a9-4c5ec42b565d,2014-02-28 09:50:00.4921989 +08:00,0x00000000022B7B3A
5fdf5253-fbe0-4c4f-aadc-67bb8d257a77,f43329d4-ec44-47d2-b616-dc876f6cfbfb,cmsSocialWeiXinTempNews_d_Del,删除,Del,3,NULL,3,295e169d-cf86-4077-b8a9-4c5ec42b565d,2018-05-27 13:20:55.7028511 +08:00,295e169d-cf86-4077-b8a9-4c5ec42b565d,2018-05-27 13:20:55.7028511 +08:00,0x00000000022B7D53
609ab02b-5016-46cf-bbed-ba4460fc6c0a,2f161156-988e-4485-a6ef-96a3833bbc46,cmsMessageBoard_Action,公共接口,Action,98,NULL,4,295e169d-cf86-4077-b8a9-4c5ec42b565d,2015-04-02 06:51:10.7987090 +08:00,295e169d-cf86-4077-b8a9-4c5ec42b565d,2015-04-02 06:51:10.7987090 +08:00,0x0000000000101A3D
62a26e40-5888-4e38-83fb-c53de12e4724,67b90751-34e3-470f-882e-ce5aa841634f,cmsSocialQuestion_Upp,修改,Upp,2,NULL,2,295e169d-cf86-4077-b8a9-4c5ec42b565d,2014-11-29 20:56:35.4131478 +08:00,295e169d-cf86-4077-b8a9-4c5ec42b565d,2014-11-29 20:56:35.4131478 +08:00,0x00000000022B7B75
6385c9d8-d072-4d54-9846-35c4468421f7,d71f81cf-eee2-4cbd-a19c-4bd022f1b9af,cmsSocialChannel_Del,删除,Del,3,NULL,4,295e169d-cf86-4077-b8a9-4c5ec42b565d,2014-02-28 09:49:53.5137997 +08:00,295e169d-cf86-4077-b8a9-4c5ec42b565d,2014-02-28 09:49:53.5137997 +08:00,0x00000000022B7B3B
646d8fac-6b74-4be5-be73-23b477a2d65e,f1446ddf-e3e3-431f-b8e4-1adf4c76968b,cmsUpLoadNews_d_Upp,修改,Upp,2,NULL,2,295e169d-cf86-4077-b8a9-4c5ec42b565d,2014-12-20 22:17:13.2996627 +08:00,295e169d-cf86-4077-b8a9-4c5ec42b565d,2014-12-20 22:17:13.2996627 +08:00,0x00000000000C3B1E
64b2bcc6-c665-4e67-95c6-8f4cb94bc473,1901fdb3-72a4-4559-abd2-6ba9fcee5fa5,springFdList_g_Move,移动,Move,4,NULL,4,295e169d-cf86-4077-b8a9-4c5ec42b565d,2016-05-16 08:50:47.1419714 +08:00,295e169d-cf86-4077-b8a9-4c5ec42b565d,2016-05-16 08:50:47.1419714 +08:00,0x0000000000B7FDAE
668532f2-5fd1-4a92-ae5f-277149552e54,d5d63df4-ee90-4bb1-a780-206cf7ae1dc6,cmsProClassify_Move,移动,Move,4,NULL,5,24597ceb-8ffb-46a5-96c0-4d173393bb5c,2019-06-25 15:47:56.3387724 +08:00,24597ceb-8ffb-46a5-96c0-4d173393bb5c,2019-06-25 15:47:56.3387724 +08:00,0x00000000022CC574
676e94cd-40ae-4c35-badd-52c9544fdfdc,68828acf-7307-41d1-82a3-da523879d5f4,cmsSocialUser_Upp,修改,Upp,2,NULL,2,295e169d-cf86-4077-b8a9-4c5ec42b565d,2014-12-21 17:15:35.8862006 +08:00,295e169d-cf86-4077-b8a9-4c5ec42b565d,2014-12-21 17:15:35.8862006 +08:00,0x00000000022B7BE9
67e43ee0-c588-437a-9700-9af3bb8f91e3,f1ff2417-8050-4422-bf72-d3e197f35f49,cmsChannel_IsDel,注销,IsDel,6,NULL,4,295e169d-cf86-4077-b8a9-4c5ec42b565d,2013-06-04 19:30:45.4150633 +08:00,295e169d-cf86-4077-b8a9-4c5ec42b565d,2013-06-04 19:30:45.4150633 +08:00,0x0000000000023BE7
681d0ced-4cf1-4d56-82b5-515b64fd322b,88b84eb1-d97e-4e75-a5ad-8f19a4a4571c,cmsArticle_IsDel,注销,IsDel,6,NULL,4,295e169d-cf86-4077-b8a9-4c5ec42b565d,2013-06-04 19:57:25.7563742 +08:00,295e169d-cf86-4077-b8a9-4c5ec42b565d,2013-06-04 19:57:25.7563742 +08:00,0x0000000000023C79
6a5851ef-4d66-4363-97bc-90b903cfa78f,6a42044d-fed5-4b4f-a3c0-2c84ec4e30fd,cmsPayConfig_Del,删除,Del,3,NULL,3,295e169d-cf86-4077-b8a9-4c5ec42b565d,2015-07-27 06:04:56.1151534 +08:00,295e169d-cf86-4077-b8a9-4c5ec42b565d,2015-07-27 06:04:56.1151534 +08:00,0x00000000013A350D
6a604324-0490-4f00-b438-85b836354c5a,88b84eb1-d97e-4e75-a5ad-8f19a4a4571c,cmsArticle_Action,公共接口,Action,98,NULL,8,295e169d-cf86-4077-b8a9-4c5ec42b565d,2013-06-04 19:55:02.4701225 +08:00,295e169d-cf86-4077-b8a9-4c5ec42b565d,2013-06-04 19:55:02.4701225 +08:00,0x0000000000023C7D
6a8cdd16-3245-40ac-af43-ce488929a4af,88b84eb1-d97e-4e75-a5ad-8f19a4a4571c,cmsArticle_UnTop,取消置顶,UnUp,99,NULL,7,295e169d-cf86-4077-b8a9-4c5ec42b565d,2013-06-04 19:58:33.3980930 +08:00,295e169d-cf86-4077-b8a9-4c5ec42b565d,2013-06-04 19:58:33.3980930 +08:00,0x0000000000023C7C
6c6ace54-0e27-4642-8a09-188cae2bc094,bb0dd33f-da18-463f-8bf0-c988c1610f0e,cmsProduct_d_Del,删除,Del,3,NULL,3,24597ceb-8ffb-46a5-96c0-4d173393bb5c,2019-06-26 14:00:59.3791168 +08:00,24597ceb-8ffb-46a5-96c0-4d173393bb5c,2019-06-26 14:00:59.3791168 +08:00,0x00000000022CDABC
6cbf5228-f552-4135-a104-4694da711ffb,d71f81cf-eee2-4cbd-a19c-4bd022f1b9af,cmsSocialChannel_Action,公共接口,Action,98,NULL,7,295e169d-cf86-4077-b8a9-4c5ec42b565d,2014-02-28 09:50:17.6171784 +08:00,295e169d-cf86-4077-b8a9-4c5ec42b565d,2014-02-28 09:50:17.6171784 +08:00,0x00000000022B7B3C
6d4d9ee9-241e-4297-8a87-de3272057f6d,ee9d4710-a149-4423-b3d3-5668061e7e65,springFdList_rel_Move,移动,Move,4,NULL,4,295e169d-cf86-4077-b8a9-4c5ec42b565d,2016-03-19 11:02:22.9813375 +08:00,295e169d-cf86-4077-b8a9-4c5ec42b565d,2016-03-19 11:02:22.9813375 +08:00,0x00000000005A2213
6d4e0fc6-d0c1-4a0e-9d69-9bcfee7a8c14,648979dd-a402-4167-b82c-67ccb2970cda,cmsSocialAskUser_IsRead,已读,GetService,99,NULL,4,295e169d-cf86-4077-b8a9-4c5ec42b565d,2014-12-03 13:27:50.0388472 +08:00,295e169d-cf86-4077-b8a9-4c5ec42b565d,2014-12-03 13:27:50.0388472 +08:00,0x00000000022B7B90
6e9fe953-1d99-4e17-8c4c-00a60fa5a5ae,648979dd-a402-4167-b82c-67ccb2970cda,cmsSocialAskUser_GetService,取得客户,GetService,99,NULL,1,295e169d-cf86-4077-b8a9-4c5ec42b565d,2014-12-03 13:17:25.6411337 +08:00,295e169d-cf86-4077-b8a9-4c5ec42b565d,2014-12-03 13:21:04.9256761 +08:00,0x00000000022B7B91
70e13774-601d-48de-9c94-77d9887c00a9,167ef88e-c141-42ce-a60f-7d55382d1af7,cmsArticle_Rel_Action,公共接口,Action,98,NULL,5,295e169d-cf86-4077-b8a9-4c5ec42b565d,2017-02-26 08:54:07.7841485 +08:00,295e169d-cf86-4077-b8a9-4c5ec42b565d,2017-02-26 08:54:07.7841485 +08:00,0x00000000012A7451
71eb122f-4d53-46c2-ac65-11e0975863a2,a6767281-7316-4cba-80df-a34bd62c77e6,cmsTemplet_Upp,修改,Upp,2,NULL,2,d938fa32-b8f3-4517-b6bc-3856c73ac19b,2014-03-30 18:20:32.7402856 +08:00,d938fa32-b8f3-4517-b6bc-3856c73ac19b,2014-03-30 18:20:32.7402856 +08:00,0x0000000000056FE4
7265c70a-0a19-4b12-994f-730bb4f3ed3e,3a8bd63d-f1b6-4ba1-938b-8dc2d45abd73,cmsSocialWeiXinStatus_Del,删除,Del,3,NULL,3,295e169d-cf86-4077-b8a9-4c5ec42b565d,2014-02-28 17:34:01.8248828 +08:00,295e169d-cf86-4077-b8a9-4c5ec42b565d,2014-02-28 17:34:01.8248828 +08:00,0x00000000022B7C2C
730919cd-8dae-4029-9a97-90e0252ddc85,67b90751-34e3-470f-882e-ce5aa841634f,cmsSocialQuestion_Del,删除,Del,3,NULL,3,295e169d-cf86-4077-b8a9-4c5ec42b565d,2014-11-29 20:56:42.3225430 +08:00,295e169d-cf86-4077-b8a9-4c5ec42b565d,2014-11-29 20:56:42.3225430 +08:00,0x00000000022B7B76
77208fc4-6dc8-4084-b0dc-2fcc29430be0,e8053620-dab0-4d72-a786-e0dac55afec7,cmsSocialWeiXinTemp_d_Action,公共接口,Action,98,NULL,5,295e169d-cf86-4077-b8a9-4c5ec42b565d,2018-05-27 11:44:30.7870247 +08:00,295e169d-cf86-4077-b8a9-4c5ec42b565d,2018-05-27 11:44:30.7870247 +08:00,0x00000000022B7D15
7780d74a-7902-4657-9ca3-ba52e302140b,1901fdb3-72a4-4559-abd2-6ba9fcee5fa5,springFdList_g_Del,删除,Del,3,NULL,3,295e169d-cf86-4077-b8a9-4c5ec42b565d,2016-05-16 08:50:34.3293894 +08:00,295e169d-cf86-4077-b8a9-4c5ec42b565d,2016-05-16 08:50:34.3293894 +08:00,0x0000000000B7FDAF
77e24e85-f4e9-4210-8355-0fb6ff3388be,097d7b20-1022-4239-aa91-06c29b910233,cmsKeywordsSeekCount_Add,添加,Add,1,NULL,1,295e169d-cf86-4077-b8a9-4c5ec42b565d,2015-09-13 08:03:31.5804250 +08:00,295e169d-cf86-4077-b8a9-4c5ec42b565d,2015-09-13 08:03:31.5804250 +08:00,0x00000000001BCA5F
77f4cf7b-e485-4fdc-a3fb-49fc3632db13,17ffcede-6c94-4d3e-a07e-e4d2231ed6e2,cmsChannelMap_Move,移动,Move,4,NULL,4,295e169d-cf86-4077-b8a9-4c5ec42b565d,2015-06-27 06:43:46.5554656 +08:00,295e169d-cf86-4077-b8a9-4c5ec42b565d,2015-06-27 06:43:46.5554656 +08:00,0x000000000017B24E
7845d0a9-de5c-42d2-810a-805a114c85ac,f1ff2417-8050-4422-bf72-d3e197f35f49,cmsChannel_Action,公共接口,Action,98,NULL,7,295e169d-cf86-4077-b8a9-4c5ec42b565d,2013-06-04 19:28:41.8004462 +08:00,295e169d-cf86-4077-b8a9-4c5ec42b565d,2013-06-04 19:28:41.8004462 +08:00,0x0000000000023BEA
7854e71b-7bb3-48c3-bcdc-3c4b974f9ab9,6c1bf66c-1fc9-4a4e-bd64-0dc14d6f83f0,cmsSiteMap_Action,公共接口,Action,98,NULL,6,295e169d-cf86-4077-b8a9-4c5ec42b565d,2015-04-27 11:46:11.6001087 +08:00,295e169d-cf86-4077-b8a9-4c5ec42b565d,2015-04-27 11:46:11.6001087 +08:00,0x00000000002FF2A1
78725d52-08b3-4241-b499-ee20f6bf71f6,eb4c277f-504e-467f-a032-9c4a48b30c0a,cmsPay_Del,删除,Del,3,NULL,3,295e169d-cf86-4077-b8a9-4c5ec42b565d,2015-07-26 14:08:50.0423435 +08:00,295e169d-cf86-4077-b8a9-4c5ec42b565d,2015-07-26 14:08:50.0423435 +08:00,0x00000000013A34BA
7898ec8a-e758-45e8-ab68-52b81c227607,2b612294-969b-4752-8f61-ff47da3feadc,cmsSocialWeiXinTemp_m_Add,添加,Add,1,NULL,1,295e169d-cf86-4077-b8a9-4c5ec42b565d,2018-05-27 11:43:18.8499851 +08:00,295e169d-cf86-4077-b8a9-4c5ec42b565d,2018-05-27 11:43:18.8499851 +08:00,0x00000000022B7CF9
78b32a30-ffa7-4f14-9be9-2d74d13ca0e4,d5d63df4-ee90-4bb1-a780-206cf7ae1dc6,cmsProClassify_Action,公共接口,Action,98,NULL,4,24597ceb-8ffb-46a5-96c0-4d173393bb5c,2019-06-25 15:30:44.5309203 +08:00,24597ceb-8ffb-46a5-96c0-4d173393bb5c,2019-06-25 15:30:44.5309203 +08:00,0x00000000022CC56F
79999956-8e2b-4329-b54b-fc856c211d5d,67b90751-34e3-470f-882e-ce5aa841634f,cmsSocialQuestion_Action,公共接口,Action,98,NULL,5,295e169d-cf86-4077-b8a9-4c5ec42b565d,2014-11-29 20:56:58.0994453 +08:00,295e169d-cf86-4077-b8a9-4c5ec42b565d,2014-11-29 20:56:58.0994453 +08:00,0x00000000022B7B77
7c6cca82-e5dc-41d3-880a-6207b9363791,de805737-ed30-4f99-a936-c903e739ab58,springArea_Add,添加,Add,1,NULL,1,1e670c58-9bc3-4f49-9cc0-c9cc064d782a,2019-08-12 15:29:58.8463524 +08:00,1e670c58-9bc3-4f49-9cc0-c9cc064d782a,2019-08-12 15:29:58.8463524 +08:00,0x00000000022D496B
7d0a01bf-fcfb-46e0-b1e9-48864f4c941a,214d0c04-9354-48c8-8f0b-6f029002ad2d,cmsUrl_Upp,修改,Upp,2,NULL,2,295e169d-cf86-4077-b8a9-4c5ec42b565d,2018-02-25 23:56:43.1906661 +08:00,295e169d-cf86-4077-b8a9-4c5ec42b565d,2018-02-25 23:56:43.1906661 +08:00,0x000000000214C94A
80a31653-e84a-462a-8f55-ba95198a2e14,cedc6715-bbb5-4510-b92d-5e8024f6220c,cmsAccessStatisticsLog_Add,添加,Add,1,NULL,1,295e169d-cf86-4077-b8a9-4c5ec42b565d,2015-08-27 08:16:14.3029806 +08:00,295e169d-cf86-4077-b8a9-4c5ec42b565d,2015-08-27 08:16:14.3029806 +08:00,0x00000000001BADFC
813f40a8-6f60-41ea-bfd7-2c938c662b27,3573d648-c7f2-4a94-b2cb-37729a2b6f51,cmsPayTest_Del,删除,Del,3,NULL,2,295e169d-cf86-4077-b8a9-4c5ec42b565d,2016-12-17 16:55:19.0302263 +08:00,295e169d-cf86-4077-b8a9-4c5ec42b565d,2016-12-17 16:55:19.0302263 +08:00,0x00000000013A3545
83903823-9310-48f6-9332-fc322b933679,50fc0617-0260-4ad0-9a04-e20cf8f08b24,cmsSiteLinks_Add,添加,Add,1,NULL,1,295e169d-cf86-4077-b8a9-4c5ec42b565d,2016-01-22 21:34:58.9383749 +08:00,295e169d-cf86-4077-b8a9-4c5ec42b565d,2016-01-22 21:34:58.9383749 +08:00,0x00000000004E7184
84aa423c-0efa-449a-b9c7-9bbeb4ad7e8c,f43329d4-ec44-47d2-b616-dc876f6cfbfb,cmsSocialWeiXinTempNews_d_Add,添加,Add,1,NULL,1,295e169d-cf86-4077-b8a9-4c5ec42b565d,2018-05-27 13:20:47.3746728 +08:00,295e169d-cf86-4077-b8a9-4c5ec42b565d,2018-05-27 13:20:47.3746728 +08:00,0x00000000022B7D54
84ba3711-9ca4-4773-b92b-ed812ab28193,214d0c04-9354-48c8-8f0b-6f029002ad2d,cmsUrl_Action,公共接口,Action,98,NULL,4,295e169d-cf86-4077-b8a9-4c5ec42b565d,2018-02-25 23:57:24.5812911 +08:00,295e169d-cf86-4077-b8a9-4c5ec42b565d,2018-02-25 23:57:24.5812911 +08:00,0x000000000214C94C
8526d000-0d39-4935-a625-25af6e4a15b7,f1ff2417-8050-4422-bf72-d3e197f35f49,cmsChannel_Move,移动,Move,4,NULL,5,295e169d-cf86-4077-b8a9-4c5ec42b565d,2013-06-04 19:31:05.4142985 +08:00,295e169d-cf86-4077-b8a9-4c5ec42b565d,2013-06-04 19:31:05.4142985 +08:00,0x0000000000023BE8
857ddc38-903e-4571-bad8-81e3823ab4c9,6218bd63-3845-434a-9a41-37b3cf0fdaf6,cmsSocialKf_Action,公共接口,Action,98,NULL,5,295e169d-cf86-4077-b8a9-4c5ec42b565d,2015-01-01 20:14:29.4371814 +08:00,295e169d-cf86-4077-b8a9-4c5ec42b565d,2015-01-01 20:14:29.4371814 +08:00,0x00000000022B7C04
8662f78c-a883-41b1-9665-f7cac15f40fd,f1ff2417-8050-4422-bf72-d3e197f35f49,cmsChannel_Del,删除,Del,3,NULL,3,295e169d-cf86-4077-b8a9-4c5ec42b565d,2013-06-04 19:30:25.1194277 +08:00,295e169d-cf86-4077-b8a9-4c5ec42b565d,2013-06-04 19:30:25.1194277 +08:00,0x0000000000023BE6
87320ec8-d326-4927-b338-987371949b01,0baf1de8-7c9c-46ad-bbda-f7cd5a2ce146,cmsSocialWeiXinTempNews_h_State,状态处理,State,-1,NULL,3,295e169d-cf86-4077-b8a9-4c5ec42b565d,2018-05-27 19:21:53.0749450 +08:00,295e169d-cf86-4077-b8a9-4c5ec42b565d,2018-05-27 19:21:53.0749450 +08:00,0x00000000022B7D71
8927988a-2885-4caa-a07d-049a49038376,d5d63df4-ee90-4bb1-a780-206cf7ae1dc6,cmsProClassify_Paste,粘贴,Paste,5,NULL,6,24597ceb-8ffb-46a5-96c0-4d173393bb5c,2019-06-25 15:50:41.2439539 +08:00,24597ceb-8ffb-46a5-96c0-4d173393bb5c,2019-06-25 15:50:41.2439539 +08:00,0x00000000022CC576
8e2ac0d0-dda4-48a5-b9b1-c90e02be4ac3,2f161156-988e-4485-a6ef-96a3833bbc46,cmsMessageBoard_Del,删除,Del,3,NULL,3,295e169d-cf86-4077-b8a9-4c5ec42b565d,2015-04-02 06:51:06.0534776 +08:00,295e169d-cf86-4077-b8a9-4c5ec42b565d,2015-04-02 06:51:06.0534776 +08:00,0x0000000000101A3C
8f350b19-63e1-400d-8417-dbbf9a43c169,6c1bf66c-1fc9-4a4e-bd64-0dc14d6f83f0,cmsSiteMap_Del,删除,Del,3,NULL,5,295e169d-cf86-4077-b8a9-4c5ec42b565d,2015-04-27 11:46:03.3623547 +08:00,295e169d-cf86-4077-b8a9-4c5ec42b565d,2015-04-27 11:46:03.3623547 +08:00,0x000000000012BD82
8fca5c52-9926-4ead-8749-fe60d975f351,a22bbd72-9184-4f3c-91c9-90eab858a4ea,cmsSocialAnswers_Move,移动,Move,4,NULL,4,295e169d-cf86-4077-b8a9-4c5ec42b565d,2014-11-29 20:50:53.8616121 +08:00,295e169d-cf86-4077-b8a9-4c5ec42b565d,2014-11-29 20:50:53.8616121 +08:00,0x00000000022B7B5A
90256498-375f-4f09-9e46-46f50fc9086c,3b2be63e-27cd-4948-83e5-e5538add362c,cmsSocialWeiXinTempNews_h2_Del,删除,Del,3,NULL,2,295e169d-cf86-4077-b8a9-4c5ec42b565d,2019-01-03 10:41:10.9247806 +08:00,295e169d-cf86-4077-b8a9-4c5ec42b565d,2019-01-03 10:41:10.9247806 +08:00,0x00000000022B7D8A
91cd5916-6780-4c7c-89e8-a2d8a2c7ba3d,8c810340-4046-4fb7-bdb8-59952b0edd29,cmsAccessStatistics_Add,添加,Add,1,NULL,1,d938fa32-b8f3-4517-b6bc-3856c73ac19b,2014-05-09 18:01:51.9968738 +08:00,d938fa32-b8f3-4517-b6bc-3856c73ac19b,2014-05-09 18:01:51.9968738 +08:00,0x00000000000FB3A1
91fa4298-1f5f-4f32-872b-ec264da4e83a,f1ff2417-8050-4422-bf72-d3e197f35f49,cmsChannel_Paste,粘贴,Paste,5,NULL,6,295e169d-cf86-4077-b8a9-4c5ec42b565d,2013-06-04 19:31:29.5787409 +08:00,295e169d-cf86-4077-b8a9-4c5ec42b565d,2013-06-04 19:31:29.5787409 +08:00,0x0000000000023BE9
928ce451-f1d2-4918-8d1e-7c8751041fac,8008cb69-3a72-4a35-8199-e0b73b2bf53f,cmsUpLoadNews_m_Add,添加,Add,1,NULL,1,295e169d-cf86-4077-b8a9-4c5ec42b565d,2014-12-20 20:51:37.7968343 +08:00,295e169d-cf86-4077-b8a9-4c5ec42b565d,2014-12-20 20:51:37.7968343 +08:00,0x00000000000C3961
938f9926-36d8-4e5f-8c91-5e876c430c92,6c1bf66c-1fc9-4a4e-bd64-0dc14d6f83f0,cmsSiteMap_UppMap,修改位置信息,NULL,-1,NULL,3,295e169d-cf86-4077-b8a9-4c5ec42b565d,2015-04-27 11:59:56.0899126 +08:00,295e169d-cf86-4077-b8a9-4c5ec42b565d,2015-04-27 11:59:56.0899126 +08:00,0x000000000012BD80
93de7241-de94-4d24-8361-aa1071313bef,648979dd-a402-4167-b82c-67ccb2970cda,cmsSocialAskUser_Action,公共接口,Action,98,NULL,3,295e169d-cf86-4077-b8a9-4c5ec42b565d,2014-12-03 13:22:36.3679063 +08:00,295e169d-cf86-4077-b8a9-4c5ec42b565d,2014-12-03 13:22:36.3679063 +08:00,0x00000000022B7B92
944f663d-24dd-4f35-84ea-da6758004b8c,e8053620-dab0-4d72-a786-e0dac55afec7,cmsSocialWeiXinTemp_d_Add,添加,Add,1,NULL,1,295e169d-cf86-4077-b8a9-4c5ec42b565d,2018-05-27 11:44:17.5996091 +08:00,295e169d-cf86-4077-b8a9-4c5ec42b565d,2018-05-27 11:44:17.5996091 +08:00,0x00000000022B7D16
9575313b-6f86-4dc4-bf3a-c2b197d3fd1f,5fc2a2ed-7c76-449e-92f7-83d97147fd19,cmsArticleType_Del,删除,Del,3,NULL,3,295e169d-cf86-4077-b8a9-4c5ec42b565d,2013-06-04 19:36:03.2978217 +08:00,295e169d-cf86-4077-b8a9-4c5ec42b565d,2013-06-04 19:36:03.2978217 +08:00,0x0000000000023C06
95a752cf-14a7-49ae-a032-eb74b3bbfd31,6a42044d-fed5-4b4f-a3c0-2c84ec4e30fd,cmsPayConfig_Action,公共接口,Action,98,NULL,4,295e169d-cf86-4077-b8a9-4c5ec42b565d,2015-07-27 06:05:01.6653034 +08:00,295e169d-cf86-4077-b8a9-4c5ec42b565d,2015-07-27 06:05:01.6653034 +08:00,0x00000000013A350E
96a0fccb-163a-45e9-85a4-c7882fa8d6d3,ee9d4710-a149-4423-b3d3-5668061e7e65,springFdList_rel_Action,公共接口,Action,98,NULL,5,295e169d-cf86-4077-b8a9-4c5ec42b565d,2016-03-19 11:02:26.9631721 +08:00,295e169d-cf86-4077-b8a9-4c5ec42b565d,2016-03-19 11:02:26.9631721 +08:00,0x00000000005A2214
96beaff2-559c-400d-82b8-25c553732c68,e8053620-dab0-4d72-a786-e0dac55afec7,cmsSocialWeiXinTemp_d_Del,删除,Del,3,NULL,3,295e169d-cf86-4077-b8a9-4c5ec42b565d,2018-05-27 11:44:24.1151924 +08:00,295e169d-cf86-4077-b8a9-4c5ec42b565d,2018-05-27 11:44:24.1151924 +08:00,0x00000000022B7D17
9ac602f3-b6af-4659-bf6a-25ee39fc247d,5fc2a2ed-7c76-449e-92f7-83d97147fd19,cmsArticleType_Action,公共接口,Action,98,NULL,5,295e169d-cf86-4077-b8a9-4c5ec42b565d,2013-06-04 19:34:23.7374468 +08:00,295e169d-cf86-4077-b8a9-4c5ec42b565d,2013-06-04 19:34:23.7374468 +08:00,0x0000000000023C08
9b9d9a66-2183-4c83-a24e-8c0757eddfa9,867d06c2-f244-40fa-9c1a-f831b6255ba2,cmsLog_Action,公共接口,Action,98,NULL,2,295e169d-cf86-4077-b8a9-4c5ec42b565d,2014-03-07 12:02:57.5660327 +08:00,295e169d-cf86-4077-b8a9-4c5ec42b565d,2014-03-07 12:02:57.5660327 +08:00,0x0000000000041EE7
9cf0ed4a-0885-42d5-b591-61cd567777a0,ee9d4710-a149-4423-b3d3-5668061e7e65,springFdList_rel_Del,删除,Del,3,NULL,3,295e169d-cf86-4077-b8a9-4c5ec42b565d,2016-03-19 11:02:15.4211387 +08:00,295e169d-cf86-4077-b8a9-4c5ec42b565d,2016-03-19 11:02:15.4211387 +08:00,0x00000000005A2212
9d194f87-6f2f-4f51-8b48-c558db0235ff,fa4e43db-c103-437c-bfc7-261a41a6cef8,cmsArticleType2_Del,删除,Del,3,NULL,3,295e169d-cf86-4077-b8a9-4c5ec42b565d,2015-07-29 17:03:03.3056625 +08:00,295e169d-cf86-4077-b8a9-4c5ec42b565d,2015-07-29 17:03:03.3056625 +08:00,0x00000000001A3C4D
9d5f1a62-5929-4f7d-9e1e-48c7373a5348,af6e34a2-e87e-48e0-9ac9-7cc2d2b74b32,cmsChannelUser_Add,添加,Add,1,NULL,1,295e169d-cf86-4077-b8a9-4c5ec42b565d,2016-01-19 18:49:37.8575973 +08:00,295e169d-cf86-4077-b8a9-4c5ec42b565d,2016-01-19 18:49:37.8575973 +08:00,0x00000000004E4142
a0bf9cd6-1134-46e5-ad39-1a2274e7cf3d,7fc9554b-9ff8-4f7a-89f2-d226bb7a1bd2,springSpTranslation_Del,Del,NULL,NULL,NULL,3,,2012-09-28 17:03:28.2132612 +08:00,,2012-09-29 06:24:08.7245933 +08:00,0x00000000000008E7
a2297082-7e71-4233-8644-45c495e6a0f0,167ef88e-c141-42ce-a60f-7d55382d1af7,cmsArticle_Rel_Add,添加,Add,1,NULL,1,295e169d-cf86-4077-b8a9-4c5ec42b565d,2017-02-26 08:53:50.6503595 +08:00,295e169d-cf86-4077-b8a9-4c5ec42b565d,2017-02-26 08:53:50.6503595 +08:00,0x00000000012A7452
a246275c-989d-4f68-8ea7-1ac3a850c1a5,2f161156-988e-4485-a6ef-96a3833bbc46,cmsMessageBoard_Add,添加,Add,1,NULL,1,295e169d-cf86-4077-b8a9-4c5ec42b565d,2015-04-02 06:50:49.7519588 +08:00,295e169d-cf86-4077-b8a9-4c5ec42b565d,2015-04-02 06:50:49.7519588 +08:00,0x0000000000101A3A
a4087507-8862-4c4e-bba6-5267c50e2e68,50fc0617-0260-4ad0-9a04-e20cf8f08b24,cmsSiteLinks_Move,移动,Move,4,NULL,4,295e169d-cf86-4077-b8a9-4c5ec42b565d,2016-01-22 21:35:14.8069939 +08:00,295e169d-cf86-4077-b8a9-4c5ec42b565d,2016-01-22 21:35:14.8069939 +08:00,0x00000000004E7188
a7839220-b946-4334-abdb-92f381b324c2,32fc2f41-e515-410c-830e-94f1f2cd4915,innerMsgRun_Add,添加,Add,1,NULL,1,295e169d-cf86-4077-b8a9-4c5ec42b565d,2017-04-19 21:47:46.6068126 +08:00,295e169d-cf86-4077-b8a9-4c5ec42b565d,2017-04-19 21:47:46.6068126 +08:00,0x00000000022B5DEC
a7d7273b-0fbd-42b9-a77f-af46d68bc6ac,4bb79886-0adf-40aa-a56c-7b2bba26b6f6,cmsSocialWeiXinTempNews_m_Upp,修改,Upp,2,NULL,2,295e169d-cf86-4077-b8a9-4c5ec42b565d,2018-05-27 13:16:02.2790982 +08:00,295e169d-cf86-4077-b8a9-4c5ec42b565d,2018-05-27 13:16:02.2790982 +08:00,0x00000000022B7D39
a7e43c08-3ea4-485d-8568-5e275d1bf024,d0fbcd82-ad18-4fc3-a505-8e7d66e82843,cmsSite_IsDel,注销,IsDel,6,NULL,4,295e169d-cf86-4077-b8a9-4c5ec42b565d,2013-06-04 19:23:05.4326554 +08:00,295e169d-cf86-4077-b8a9-4c5ec42b565d,2013-06-04 19:23:05.4326554 +08:00,0x0000000000023BB9
a86c3126-db6f-4f72-bc8a-05b1ab84ef09,fa4e43db-c103-437c-bfc7-261a41a6cef8,cmsArticleType2_Action,公共接口,Action,98,NULL,5,295e169d-cf86-4077-b8a9-4c5ec42b565d,2015-07-29 17:03:25.0860473 +08:00,295e169d-cf86-4077-b8a9-4c5ec42b565d,2015-07-29 17:03:25.0860473 +08:00,0x00000000001A3C4F
a969a64b-bf15-4a70-9a9e-ae6aee8cefe2,4bf5b62d-8a27-4366-8e52-9f15064e18c2,cmsSocialGroup_Upp,修改,Upp,2,NULL,2,295e169d-cf86-4077-b8a9-4c5ec42b565d,2014-12-21 17:11:51.1568682 +08:00,295e169d-cf86-4077-b8a9-4c5ec42b565d,2014-12-21 17:11:51.1568682 +08:00,0x00000000022B7BD0
aa37b6af-b88f-4fa5-9391-f7e30f802eb5,6a42044d-fed5-4b4f-a3c0-2c84ec4e30fd,cmsPayConfig_Add,添加,Add,1,NULL,1,295e169d-cf86-4077-b8a9-4c5ec42b565d,2015-07-27 06:04:43.9136254 +08:00,295e169d-cf86-4077-b8a9-4c5ec42b565d,2015-07-27 06:04:43.9136254 +08:00,0x00000000013A350F
aa5906a7-7b75-4ff0-b18d-72854dcc1055,f275a76e-652e-4600-862c-0ae3d6c850b0,cmsPayRe_Del,删除,Del,3,NULL,5,295e169d-cf86-4077-b8a9-4c5ec42b565d,2016-11-20 11:07:47.8021045 +08:00,295e169d-cf86-4077-b8a9-4c5ec42b565d,2016-11-20 11:07:47.8021045 +08:00,0x00000000013A34DE
aa6dcd32-d9fe-4b8e-b636-d4d32ffc012b,8c810340-4046-4fb7-bdb8-59952b0edd29,cmsAccessStatistics_Action,公共接口,Action,98,NULL,2,d938fa32-b8f3-4517-b6bc-3856c73ac19b,2014-05-09 18:03:45.8633866 +08:00,d938fa32-b8f3-4517-b6bc-3856c73ac19b,2014-05-09 18:03:45.8633866 +08:00,0x00000000000FB3A2
ab1f4390-3a78-4886-b277-e40d4f28094d,b71a8028-6afe-4957-a045-186faf3133e0,cmsHtml_Action,公共接口,Action,98,NULL,6,d938fa32-b8f3-4517-b6bc-3856c73ac19b,2014-06-06 23:50:23.4221556 +08:00,d938fa32-b8f3-4517-b6bc-3856c73ac19b,2014-06-06 23:50:23.4221556 +08:00,0x00000000000912E8
abc5446a-bef7-4863-895f-d3c5cd424a40,6c1bf66c-1fc9-4a4e-bd64-0dc14d6f83f0,cmsSiteMap_Add,添加,Add,1,NULL,1,295e169d-cf86-4077-b8a9-4c5ec42b565d,2015-04-27 11:45:49.9032552 +08:00,295e169d-cf86-4077-b8a9-4c5ec42b565d,2015-04-27 11:45:49.9032552 +08:00,0x000000000012BD7E
b41aa0d7-6473-4403-ab8c-5a6717dc5488,50fc0617-0260-4ad0-9a04-e20cf8f08b24,cmsSiteLinks_Del,删除,Del,3,NULL,3,295e169d-cf86-4077-b8a9-4c5ec42b565d,2016-01-22 21:35:11.0525284 +08:00,295e169d-cf86-4077-b8a9-4c5ec42b565d,2016-01-22 21:35:11.0525284 +08:00,0x00000000004E7187
b503b736-1cb1-4c1f-b895-42581e0f492f,3b2be63e-27cd-4948-83e5-e5538add362c,cmsSocialWeiXinTempNews_h2_Add,添加,Add,1,NULL,1,295e169d-cf86-4077-b8a9-4c5ec42b565d,2019-01-03 10:40:58.1218964 +08:00,295e169d-cf86-4077-b8a9-4c5ec42b565d,2019-01-03 10:40:58.1218964 +08:00,0x00000000022B7D8B
b6031d1f-a639-4759-9d20-d9ada938c66b,e807a0b8-16ea-419d-90d2-9ac6f61f8a4a,cmsKeywordsSeek_Action,公共接口,Action,98,NULL,2,295e169d-cf86-4077-b8a9-4c5ec42b565d,2015-09-13 08:04:04.6700770 +08:00,295e169d-cf86-4077-b8a9-4c5ec42b565d,2015-09-13 08:04:04.6700770 +08:00,0x00000000001BCA61
b63891be-a000-48cd-912d-5805259aa9a1,f275a76e-652e-4600-862c-0ae3d6c850b0,cmsPayRe_Action,公共接口,Action,98,NULL,6,295e169d-cf86-4077-b8a9-4c5ec42b565d,2016-11-20 11:07:56.3802844 +08:00,295e169d-cf86-4077-b8a9-4c5ec42b565d,2016-11-20 11:07:56.3802844 +08:00,0x00000000013A34DF
b723e51c-a758-46eb-9681-dd7f94e0aa11,de805737-ed30-4f99-a936-c903e739ab58,springArea_Del,删除,Del,3,NULL,3,1e670c58-9bc3-4f49-9cc0-c9cc064d782a,2019-08-12 15:30:05.7226791 +08:00,1e670c58-9bc3-4f49-9cc0-c9cc064d782a,2019-08-12 15:30:05.7226791 +08:00,0x00000000022D496F
b7e89c49-c142-45cf-aca4-3a14965662eb,d71f81cf-eee2-4cbd-a19c-4bd022f1b9af,cmsSocialChannel_Paste,粘贴,Paste,5,NULL,6,295e169d-cf86-4077-b8a9-4c5ec42b565d,2014-02-28 09:50:05.6254925 +08:00,295e169d-cf86-4077-b8a9-4c5ec42b565d,2014-02-28 09:50:05.6254925 +08:00,0x00000000022B7B3D
b7fcd67e-0a6a-4dd5-842f-6af3d1a77b98,6665da7d-b585-4d7a-866e-69c262c57f82,cmsArticle_Attr_Del,删除,NULL,3,NULL,2,295e169d-cf86-4077-b8a9-4c5ec42b565d,2015-08-11 10:58:06.1706993 +08:00,295e169d-cf86-4077-b8a9-4c5ec42b565d,2015-08-11 10:58:06.1706993 +08:00,0x00000000001AF56D
b9acee1c-b82d-4c12-9458-8dad9e32c8ff,378ea5cb-0916-4cbc-a10c-8742d36e3d1c,springTb_Add,Add,NULL,NULL,NULL,1,,2012-10-01 16:05:17.0739706 +08:00,,2012-10-01 16:05:17.0739706 +08:00,0x00000000000007F1
b9b80fce-9dbc-4ff0-92fb-082a7151674a,32fc2f41-e515-410c-830e-94f1f2cd4915,innerMsgRun_Action,公共接口,Action,98,NULL,4,295e169d-cf86-4077-b8a9-4c5ec42b565d,2017-04-19 21:50:07.2630405 +08:00,295e169d-cf86-4077-b8a9-4c5ec42b565d,2017-04-19 21:50:07.2630405 +08:00,0x00000000022B5DED
ba5033ff-9a7b-4087-9689-a5d363886763,50fc0617-0260-4ad0-9a04-e20cf8f08b24,cmsSiteLinks_Upp,修改,Upp,2,NULL,2,295e169d-cf86-4077-b8a9-4c5ec42b565d,2016-01-22 21:35:03.7805119 +08:00,295e169d-cf86-4077-b8a9-4c5ec42b565d,2016-01-22 21:35:03.7805119 +08:00,0x00000000004E7186
bc4032a2-01c8-4efd-8f14-07dbddb3e040,b71a8028-6afe-4957-a045-186faf3133e0,cmsHtml_Move,移动,Move,4,NULL,5,d938fa32-b8f3-4517-b6bc-3856c73ac19b,2014-06-06 23:50:20.0989655 +08:00,d938fa32-b8f3-4517-b6bc-3856c73ac19b,2014-06-06 23:50:20.0989655 +08:00,0x00000000000912E7
bf436bba-6a20-4b6d-bfdd-f1f637e50f8a,67b90751-34e3-470f-882e-ce5aa841634f,cmsSocialQuestion_Move,移动,Move,4,NULL,4,295e169d-cf86-4077-b8a9-4c5ec42b565d,2014-11-29 20:56:52.0150973 +08:00,295e169d-cf86-4077-b8a9-4c5ec42b565d,2014-11-29 20:56:52.0150973 +08:00,0x00000000022B7B78
bfd0c809-e996-4ff4-a115-ede14dff0a84,27335ebe-7710-45fe-a7a3-75157313cecc,innerMsgBack2_Del,删除,Del,3,NULL,1,295e169d-cf86-4077-b8a9-4c5ec42b565d,2019-01-07 12:14:56.7099372 +08:00,295e169d-cf86-4077-b8a9-4c5ec42b565d,2019-01-07 12:14:56.7099372 +08:00,0x00000000022B6BCC
c1d99d5d-db13-416d-8d29-b1a7d2cd6b72,a22bbd72-9184-4f3c-91c9-90eab858a4ea,cmsSocialAnswers_Action,公共接口,Action,98,NULL,6,295e169d-cf86-4077-b8a9-4c5ec42b565d,2014-11-29 20:51:09.7235194 +08:00,295e169d-cf86-4077-b8a9-4c5ec42b565d,2014-11-29 20:51:09.7235194 +08:00,0x00000000022B7B5B
c22f93f2-0dcf-4d3f-84f7-39717fcf7c98,d71f81cf-eee2-4cbd-a19c-4bd022f1b9af,cmsSocialChannel_IsDel,注销,IsDel,6,NULL,3,295e169d-cf86-4077-b8a9-4c5ec42b565d,2014-02-28 09:49:48.8995358 +08:00,295e169d-cf86-4077-b8a9-4c5ec42b565d,2014-02-28 09:49:48.8995358 +08:00,0x00000000022B7B3E
c24c4e77-c0b5-4206-b85c-a6aa9fe7a063,17ffcede-6c94-4d3e-a07e-e4d2231ed6e2,cmsChannelMap_Paste,粘贴,Paste,5,NULL,5,295e169d-cf86-4077-b8a9-4c5ec42b565d,2015-06-27 06:43:51.7540671 +08:00,295e169d-cf86-4077-b8a9-4c5ec42b565d,2015-06-27 06:43:51.7540671 +08:00,0x000000000017B24F
c2a45921-8445-4908-9d06-f2273de02aa7,a22bbd72-9184-4f3c-91c9-90eab858a4ea,cmsSocialAnswers_Paste,粘贴,Paste,5,NULL,5,295e169d-cf86-4077-b8a9-4c5ec42b565d,2014-11-29 20:51:04.4652186 +08:00,295e169d-cf86-4077-b8a9-4c5ec42b565d,2014-11-29 20:51:04.4652186 +08:00,0x00000000022B7B5C
c2e3157d-fa52-4832-a142-8f793a563261,7fc9554b-9ff8-4f7a-89f2-d226bb7a1bd2,springSpTranslation_Add,Add,NULL,1,NULL,1,,2012-09-28 17:02:47.6149542 +08:00,,2012-11-07 09:33:12.8008210 +08:00,0x00000000000008E8
c318a84f-59a9-4d2a-a0ae-cc66116f0eaa,6cd3429d-b3ff-4b7f-bb96-64b5e56612f7,cmsProduct_m_State,状态,State,8,NULL,6,1e670c58-9bc3-4f49-9cc0-c9cc064d782a,2019-08-12 19:06:08.1753216 +08:00,1e670c58-9bc3-4f49-9cc0-c9cc064d782a,2019-08-12 19:06:08.1753216 +08:00,0x00000000022D58DA
c40f75ab-35e5-4870-939d-3be80e08f439,e807a0b8-16ea-419d-90d2-9ac6f61f8a4a,cmsKeywordsSeek_Del,删除,Del,3,NULL,3,295e169d-cf86-4077-b8a9-4c5ec42b565d,2015-09-13 08:04:09.2490730 +08:00,295e169d-cf86-4077-b8a9-4c5ec42b565d,2015-09-13 08:04:09.2490730 +08:00,0x00000000001BCA62
c4510eb4-0ded-48bc-952a-52848a2aa90f,0baf1de8-7c9c-46ad-bbda-f7cd5a2ce146,cmsSocialWeiXinTempNews_h_Action,公共接口,Action,98,NULL,4,295e169d-cf86-4077-b8a9-4c5ec42b565d,2018-05-27 15:52:43.7396313 +08:00,295e169d-cf86-4077-b8a9-4c5ec42b565d,2018-05-27 15:52:43.7396313 +08:00,0x00000000022B7D72
c583a496-1ceb-4e80-bf01-c9871fa33af2,b71a8028-6afe-4957-a045-186faf3133e0,cmsHtml_Upp,修改,Upp,2,NULL,2,d938fa32-b8f3-4517-b6bc-3856c73ac19b,2014-06-06 23:50:12.0055026 +08:00,d938fa32-b8f3-4517-b6bc-3856c73ac19b,2014-06-06 23:50:12.0055026 +08:00,0x00000000000912E4
c5d71d48-8b21-4aca-9ef2-d78e88bdea8f,2b612294-969b-4752-8f61-ff47da3feadc,cmsSocialWeiXinTemp_m_Del,删除,Del,3,NULL,3,295e169d-cf86-4077-b8a9-4c5ec42b565d,2018-05-27 11:43:30.5842850 +08:00,295e169d-cf86-4077-b8a9-4c5ec42b565d,2018-05-27 11:43:30.5842850 +08:00,0x00000000022B7CFA
c6a07d9c-e22c-4b32-ac9c-9ae34ad0b0e3,bf7c1cf4-b089-4ce1-81b6-aa678c1975d2,cmsPayUser_Upp,修改,Upp,2,NULL,2,295e169d-cf86-4077-b8a9-4c5ec42b565d,2018-11-13 22:18:13.0143304 +08:00,295e169d-cf86-4077-b8a9-4c5ec42b565d,2018-11-13 22:18:13.0143304 +08:00,0x00000000022A52FF
c71fc724-a43f-4e7b-95cc-631eb155004f,bf7c1cf4-b089-4ce1-81b6-aa678c1975d2,cmsPayUser_Action,公共接口,Action,98,NULL,5,295e169d-cf86-4077-b8a9-4c5ec42b565d,2018-11-13 22:18:31.7963016 +08:00,295e169d-cf86-4077-b8a9-4c5ec42b565d,2018-11-13 22:18:31.7963016 +08:00,0x00000000022A5306
c7c3781e-a0ca-49db-8c1c-4efb11f94515,167ef88e-c141-42ce-a60f-7d55382d1af7,cmsArticle_Rel_Move,移动,Move,4,NULL,3,295e169d-cf86-4077-b8a9-4c5ec42b565d,2017-02-26 08:53:57.8925470 +08:00,295e169d-cf86-4077-b8a9-4c5ec42b565d,2017-02-26 08:53:57.8925470 +08:00,0x00000000012A7453
c829b6b2-e860-465e-8575-98f914ae8747,a6767281-7316-4cba-80df-a34bd62c77e6,cmsTemplet_Add,添加,Add,1,NULL,1,d938fa32-b8f3-4517-b6bc-3856c73ac19b,2014-03-30 18:20:23.5526092 +08:00,d938fa32-b8f3-4517-b6bc-3856c73ac19b,2014-03-30 18:20:23.5526092 +08:00,0x0000000000056FE3
c82ba300-8ea3-4fa1-b501-fb294534f7b9,2bf50b7c-aeb8-4922-9f6f-0e20fe6963ea,cmsSocialAskList_Upp,修改,Upp,2,NULL,2,295e169d-cf86-4077-b8a9-4c5ec42b565d,2014-11-29 23:15:11.8178189 +08:00,295e169d-cf86-4077-b8a9-4c5ec42b565d,2014-11-29 23:15:54.1462400 +08:00,0x00000000022B7BBA
c853b738-f763-446a-9104-fddf784db020,67b90751-34e3-470f-882e-ce5aa841634f,cmsSocialQuestion_Add,添加,Add,1,NULL,1,295e169d-cf86-4077-b8a9-4c5ec42b565d,2014-11-29 20:53:31.2146122 +08:00,295e169d-cf86-4077-b8a9-4c5ec42b565d,2014-11-29 20:53:31.2146122 +08:00,0x00000000022B7B79
c8feb7b5-814f-483c-8082-2fa194684713,d0fbcd82-ad18-4fc3-a505-8e7d66e82843,cmsSite_Add,添加,Add,1,NULL,1,295e169d-cf86-4077-b8a9-4c5ec42b565d,2013-06-04 19:21:58.6177381 +08:00,295e169d-cf86-4077-b8a9-4c5ec42b565d,2013-06-04 19:21:58.6177381 +08:00,0x0000000000023BB6
ca2dc665-3cf2-499b-8c79-5999ece07864,de805737-ed30-4f99-a936-c903e739ab58,springArea_Action,公共接口,Action,98,NULL,4,1e670c58-9bc3-4f49-9cc0-c9cc064d782a,2019-08-12 15:30:12.8818830 +08:00,1e670c58-9bc3-4f49-9cc0-c9cc064d782a,2019-08-12 15:30:12.8818830 +08:00,0x00000000022D4971
cb942234-43fc-4470-aefd-67bffaac68ee,eba651d5-1763-49c6-8255-680535683437,cmsPayReBatch_Add,添加,Add,1,NULL,2,295e169d-cf86-4077-b8a9-4c5ec42b565d,2016-11-20 13:47:21.6674087 +08:00,295e169d-cf86-4077-b8a9-4c5ec42b565d,2016-11-20 13:47:21.6674087 +08:00,0x00000000013A3528
cd9e01dc-6c5b-4a3c-9114-a297f40230b2,2f161156-988e-4485-a6ef-96a3833bbc46,cmsMessageBoard_Upp,修改,Upp,2,NULL,2,295e169d-cf86-4077-b8a9-4c5ec42b565d,2015-04-02 06:51:00.9050630 +08:00,295e169d-cf86-4077-b8a9-4c5ec42b565d,2015-04-02 06:51:00.9050630 +08:00,0x0000000000101A3B
cde027be-5b13-4bf5-aaf4-4856af7a729a,3573d648-c7f2-4a94-b2cb-37729a2b6f51,cmsPayTest_Add,添加,Add,1,NULL,1,295e169d-cf86-4077-b8a9-4c5ec42b565d,2016-12-17 16:55:04.5457586 +08:00,295e169d-cf86-4077-b8a9-4c5ec42b565d,2016-12-17 16:55:04.5457586 +08:00,0x00000000013A3546
cde44730-7d24-4546-84cf-fa6c56e13643,6218bd63-3845-434a-9a41-37b3cf0fdaf6,cmsSocialKf_Del,删除,Del,3,NULL,3,295e169d-cf86-4077-b8a9-4c5ec42b565d,2015-01-01 20:14:19.9164064 +08:00,295e169d-cf86-4077-b8a9-4c5ec42b565d,2015-01-01 20:14:19.9164064 +08:00,0x00000000022B7C05
ce371b2e-d3eb-40bf-9754-5ead3b20f971,88b84eb1-d97e-4e75-a5ad-8f19a4a4571c,cmsArticle_UppBody,修改内容,Uppbody,2,NULL,3,295e169d-cf86-4077-b8a9-4c5ec42b565d,2013-06-04 19:57:04.3219366 +08:00,295e169d-cf86-4077-b8a9-4c5ec42b565d,2013-06-04 19:57:04.3219366 +08:00,0x0000000000023C78
ce8c5774-e78d-43a0-9720-c59a4ecd619e,2082994e-eeca-4fc7-aec1-712cb2fec23e,springCheckRel,判断关联是否合法,NULL,99,NULL,2,77dec868-d001-4790-b6a4-0fa8df9a39f9,2013-03-19 20:33:45.4135656 +08:00,77dec868-d001-4790-b6a4-0fa8df9a39f9,2013-03-19 20:33:45.4135656 +08:00,0x0000000000019E50
ce951cee-caa3-47c8-94d8-f89294a86948,17ffcede-6c94-4d3e-a07e-e4d2231ed6e2,cmsChannelMap_Del,删除,Del,3,NULL,3,295e169d-cf86-4077-b8a9-4c5ec42b565d,2015-06-27 06:43:36.1856494 +08:00,295e169d-cf86-4077-b8a9-4c5ec42b565d,2015-06-27 06:43:36.1856494 +08:00,0x000000000017B24D
cee29801-339b-4b69-b29a-51395254e036,8008cb69-3a72-4a35-8199-e0b73b2bf53f,cmsUpLoadNews_m_Upp,修改,Upp,2,NULL,2,295e169d-cf86-4077-b8a9-4c5ec42b565d,2014-12-20 20:51:41.1680575 +08:00,295e169d-cf86-4077-b8a9-4c5ec42b565d,2014-12-20 20:51:41.1680575 +08:00,0x00000000000C3962
cf75c1b5-7756-4a19-bc6f-e66561f3b655,ee9d4710-a149-4423-b3d3-5668061e7e65,springFdList_rel_Add,添加,Add,1,NULL,1,295e169d-cf86-4077-b8a9-4c5ec42b565d,2016-03-19 11:02:07.4897868 +08:00,295e169d-cf86-4077-b8a9-4c5ec42b565d,2016-03-19 11:02:07.4897868 +08:00,0x00000000005A2210
d02ad521-c964-4416-9746-7dfc2cad2cdf,2b612294-969b-4752-8f61-ff47da3feadc,cmsSocialWeiXinTemp_m_Action,公共接口,Action,98,NULL,5,295e169d-cf86-4077-b8a9-4c5ec42b565d,2018-05-27 11:43:40.9123439 +08:00,295e169d-cf86-4077-b8a9-4c5ec42b565d,2018-05-27 11:43:40.9123439 +08:00,0x00000000022B7CFB
d0ac1043-2704-43d3-9bce-0db24b8c3ed2,d0fbcd82-ad18-4fc3-a505-8e7d66e82843,cmsSite_Action,公共接口,Action,98,NULL,6,295e169d-cf86-4077-b8a9-4c5ec42b565d,2013-06-04 19:21:01.9740386 +08:00,295e169d-cf86-4077-b8a9-4c5ec42b565d,2013-06-04 19:21:01.9740386 +08:00,0x0000000000023BBB
d265780e-bf97-4305-ae39-c532cd556ea8,214d0c04-9354-48c8-8f0b-6f029002ad2d,cmsUrl_Del,删除,Del,3,NULL,3,295e169d-cf86-4077-b8a9-4c5ec42b565d,2018-02-25 23:57:21.0031661 +08:00,295e169d-cf86-4077-b8a9-4c5ec42b565d,2018-02-25 23:57:21.0031661 +08:00,0x000000000214C94B
d3eb998c-c763-4fe1-b416-75322b231e78,d5d63df4-ee90-4bb1-a780-206cf7ae1dc6,cmsProClassify_Add,添加,Add,1,NULL,1,24597ceb-8ffb-46a5-96c0-4d173393bb5c,2019-06-25 15:30:28.0620501 +08:00,24597ceb-8ffb-46a5-96c0-4d173393bb5c,2019-06-25 15:30:28.0620501 +08:00,0x00000000022CC569
d61fe84a-8abf-4540-9dee-dff87b407915,23400f40-c8cd-42c2-863d-12abe154c17f,cmsPayHistory_Add,添加,Add,1,NULL,1,295e169d-cf86-4077-b8a9-4c5ec42b565d,2015-07-27 12:58:28.7185289 +08:00,295e169d-cf86-4077-b8a9-4c5ec42b565d,2015-07-27 12:58:28.7185289 +08:00,0x00000000013A34C4
d6671106-8bd5-4097-b640-32ede3546ffd,f1ff2417-8050-4422-bf72-d3e197f35f49,cmsChannel_Add,添加,Add,1,NULL,1,295e169d-cf86-4077-b8a9-4c5ec42b565d,2013-06-04 19:29:37.4925440 +08:00,295e169d-cf86-4077-b8a9-4c5ec42b565d,2013-06-04 19:29:37.4925440 +08:00,0x0000000000023BE4
d7613c98-35a5-4098-bf41-f80be8072fa8,e807a0b8-16ea-419d-90d2-9ac6f61f8a4a,cmsKeywordsSeek_Add,添加,Add,1,NULL,1,295e169d-cf86-4077-b8a9-4c5ec42b565d,2015-09-13 08:03:55.7741890 +08:00,295e169d-cf86-4077-b8a9-4c5ec42b565d,2015-09-13 08:03:55.7741890 +08:00,0x00000000001BCA60
d7713d9f-b138-4cf5-9fc2-8dfc81b68517,17ffcede-6c94-4d3e-a07e-e4d2231ed6e2,cmsChannelMap_Action,公共接口,Action,98,NULL,7,295e169d-cf86-4077-b8a9-4c5ec42b565d,2015-06-27 06:43:56.2885387 +08:00,295e169d-cf86-4077-b8a9-4c5ec42b565d,2015-06-27 06:43:56.2885387 +08:00,0x000000000017B251
d7b0f4df-69d1-40fd-ba96-93a0b132b971,8008cb69-3a72-4a35-8199-e0b73b2bf53f,cmsUpLoadNews_m_Del,删除,Del,3,NULL,3,295e169d-cf86-4077-b8a9-4c5ec42b565d,2014-12-20 20:51:45.4768167 +08:00,295e169d-cf86-4077-b8a9-4c5ec42b565d,2014-12-20 20:51:45.4768167 +08:00,0x00000000000C3963
d8155e9d-3f56-48c7-9cc4-4823dfd59b55,6a42044d-fed5-4b4f-a3c0-2c84ec4e30fd,cmsPayConfig_Upp,修改,Upp,2,NULL,2,295e169d-cf86-4077-b8a9-4c5ec42b565d,2015-07-27 06:04:51.2261314 +08:00,295e169d-cf86-4077-b8a9-4c5ec42b565d,2015-07-27 06:04:51.2261314 +08:00,0x00000000013A3510
d8a4ebe9-d426-438c-8057-50e19afefba7,e4e0bde1-9e20-457d-8f2f-ea845c76fde9,innerMsgBack_Del,删除,Del,3,NULL,1,295e169d-cf86-4077-b8a9-4c5ec42b565d,2019-01-07 15:54:21.3975418 +08:00,295e169d-cf86-4077-b8a9-4c5ec42b565d,2019-01-07 15:54:21.3975418 +08:00,0x00000000022B6C19
da48e2da-7cfb-483c-8347-ffd84ab18494,d5d63df4-ee90-4bb1-a780-206cf7ae1dc6,cmsProClassify_Upp,修改,Upp,2,NULL,2,24597ceb-8ffb-46a5-96c0-4d173393bb5c,2019-06-25 15:30:31.9214428 +08:00,24597ceb-8ffb-46a5-96c0-4d173393bb5c,2019-06-25 15:30:31.9214428 +08:00,0x00000000022CC56B
dba6b99f-45a4-43c2-9219-f0619fe6886c,b71a8028-6afe-4957-a045-186faf3133e0,cmsHtml_Add,添加,Add,1,NULL,1,d938fa32-b8f3-4517-b6bc-3856c73ac19b,2014-06-06 23:49:38.0195587 +08:00,d938fa32-b8f3-4517-b6bc-3856c73ac19b,2014-06-06 23:49:38.0195587 +08:00,0x00000000000912E3
dbf1c6ef-825c-44ab-ac67-40719014854e,6218bd63-3845-434a-9a41-37b3cf0fdaf6,cmsSocialKf_Add,添加,Add,1,NULL,1,295e169d-cf86-4077-b8a9-4c5ec42b565d,2015-01-01 20:13:59.1097194 +08:00,295e169d-cf86-4077-b8a9-4c5ec42b565d,2015-01-01 20:13:59.1097194 +08:00,0x00000000022B7C06
dc669538-6974-45df-8b37-7864909b762b,1901fdb3-72a4-4559-abd2-6ba9fcee5fa5,springFdList_g_Upp,修改,Upp,2,NULL,2,295e169d-cf86-4077-b8a9-4c5ec42b565d,2016-05-16 08:50:21.5480576 +08:00,295e169d-cf86-4077-b8a9-4c5ec42b565d,2016-05-16 08:50:21.5480576 +08:00,0x0000000000B7FDB0
dc8a5ae9-25a0-4290-a623-d833fd3f7340,bf7c1cf4-b089-4ce1-81b6-aa678c1975d2,cmsPayUser_Del,删除,Del,3,NULL,4,295e169d-cf86-4077-b8a9-4c5ec42b565d,2018-11-13 22:18:27.8918548 +08:00,295e169d-cf86-4077-b8a9-4c5ec42b565d,2018-11-13 22:18:27.8918548 +08:00,0x00000000022A5304
df6813f9-79a2-4877-be97-3d27ad281e72,5fc2a2ed-7c76-449e-92f7-83d97147fd19,cmsArticleType_Add,添加,Add,1,NULL,1,295e169d-cf86-4077-b8a9-4c5ec42b565d,2013-06-04 19:35:14.8275365 +08:00,295e169d-cf86-4077-b8a9-4c5ec42b565d,2013-06-04 19:35:14.8275365 +08:00,0x0000000000023C04
e10f1771-4a14-4e40-8679-0b0b23a8840f,50fc0617-0260-4ad0-9a04-e20cf8f08b24,cmsSiteLinks_Action,公共接口,Action,98,NULL,5,295e169d-cf86-4077-b8a9-4c5ec42b565d,2016-01-22 21:35:18.5144674 +08:00,295e169d-cf86-4077-b8a9-4c5ec42b565d,2016-01-22 21:35:18.5144674 +08:00,0x00000000004E7189
e4731b43-25bb-47dc-88bd-66fd247fd183,2bf50b7c-aeb8-4922-9f6f-0e20fe6963ea,cmsSocialAskList_Action,公共接口,Action,98,NULL,3,295e169d-cf86-4077-b8a9-4c5ec42b565d,2014-11-29 23:11:46.1910577 +08:00,295e169d-cf86-4077-b8a9-4c5ec42b565d,2014-11-29 23:11:46.1910577 +08:00,0x00000000022B7BBB
e499e1e4-973f-49cb-9082-5da45aee9243,6c1bf66c-1fc9-4a4e-bd64-0dc14d6f83f0,cmsSiteMap_Upp,修改,Upp,2,NULL,2,295e169d-cf86-4077-b8a9-4c5ec42b565d,2015-04-27 11:45:53.4586917 +08:00,295e169d-cf86-4077-b8a9-4c5ec42b565d,2015-04-27 11:45:53.4586917 +08:00,0x000000000012BD7F
e5386078-b879-4e71-9696-da9caba6ee6e,3a8bd63d-f1b6-4ba1-938b-8dc2d45abd73,cmsSocialWeiXinStatus_Action,公共接口,Action,98,NULL,4,295e169d-cf86-4077-b8a9-4c5ec42b565d,2014-02-28 17:34:05.7401068 +08:00,295e169d-cf86-4077-b8a9-4c5ec42b565d,2014-02-28 17:34:05.7401068 +08:00,0x00000000022B7C2D
e65184e5-13a2-4da2-9954-dd60b5efec2e,4bb79886-0adf-40aa-a56c-7b2bba26b6f6,cmsSocialWeiXinTempNews_m_State,状态,State,8,NULL,3,295e169d-cf86-4077-b8a9-4c5ec42b565d,2018-05-27 13:19:11.3740584 +08:00,295e169d-cf86-4077-b8a9-4c5ec42b565d,2018-05-27 13:19:11.3740584 +08:00,0x00000000022B7D3A
e8723820-8671-47fb-b944-1407e9623abb,fa4e43db-c103-437c-bfc7-261a41a6cef8,cmsArticleType2_Upp,修改,Upp,2,NULL,2,295e169d-cf86-4077-b8a9-4c5ec42b565d,2015-07-29 17:02:58.9412948 +08:00,295e169d-cf86-4077-b8a9-4c5ec42b565d,2015-07-29 17:02:58.9412948 +08:00,0x00000000001A3C4C
e95b73fe-2d54-4f60-a939-6050b57b056b,5fc2a2ed-7c76-449e-92f7-83d97147fd19,cmsArticleType_Move,移动,Move,4,NULL,4,295e169d-cf86-4077-b8a9-4c5ec42b565d,2013-06-04 19:36:21.1754531 +08:00,295e169d-cf86-4077-b8a9-4c5ec42b565d,2013-06-04 19:36:21.1754531 +08:00,0x0000000000023C07
ea17eb47-5eb7-457b-aefa-4c6447d89b1e,a22bbd72-9184-4f3c-91c9-90eab858a4ea,cmsSocialAnswers_Add,添加,Add,1,NULL,1,295e169d-cf86-4077-b8a9-4c5ec42b565d,2014-11-29 20:50:37.8606969 +08:00,295e169d-cf86-4077-b8a9-4c5ec42b565d,2014-11-29 20:50:37.8606969 +08:00,0x00000000022B7B5D
ebb06316-7604-4889-ab92-950f808dd3c1,d601a9f0-0c93-4b4e-b817-0463da45ffa1,cmsPayReHistory_Add,添加,Add,1,NULL,1,295e169d-cf86-4077-b8a9-4c5ec42b565d,2016-11-20 11:27:46.7004024 +08:00,295e169d-cf86-4077-b8a9-4c5ec42b565d,2016-11-20 11:27:46.7004024 +08:00,0x00000000013A34FB
f1b7cc55-ce2d-4b52-b97d-5f886f3fc56d,4bf5b62d-8a27-4366-8e52-9f15064e18c2,cmsSocialGroup_Action,公共接口,Action,98,NULL,4,295e169d-cf86-4077-b8a9-4c5ec42b565d,2014-12-21 17:12:06.6799252 +08:00,295e169d-cf86-4077-b8a9-4c5ec42b565d,2014-12-21 17:12:06.6799252 +08:00,0x00000000022B7BD1
f2f19019-2b97-4e7e-8fdf-9df14eb71d0a,2b612294-969b-4752-8f61-ff47da3feadc,cmsSocialWeiXinTemp_m_Upp,修改,Upp,2,NULL,2,295e169d-cf86-4077-b8a9-4c5ec42b565d,2018-05-27 11:43:24.8968214 +08:00,295e169d-cf86-4077-b8a9-4c5ec42b565d,2018-05-27 11:43:24.8968214 +08:00,0x00000000022B7CFC
f4ddecf7-3477-420a-a22e-8b043be52024,648979dd-a402-4167-b82c-67ccb2970cda,cmsSocialAskUser_DelService,删除客服,DelService,99,NULL,2,295e169d-cf86-4077-b8a9-4c5ec42b565d,2014-12-03 13:20:51.2538941 +08:00,295e169d-cf86-4077-b8a9-4c5ec42b565d,2014-12-03 13:20:51.2538941 +08:00,0x00000000022B7B93
f7f3beae-c8aa-4fa8-be27-4a0b7572d546,17ffcede-6c94-4d3e-a07e-e4d2231ed6e2,cmsChannelMap_Upp,修改,Upp,2,NULL,2,295e169d-cf86-4077-b8a9-4c5ec42b565d,2015-06-27 06:43:30.6760121 +08:00,295e169d-cf86-4077-b8a9-4c5ec42b565d,2015-06-27 06:43:30.6760121 +08:00,0x000000000017B24C